Rk,Player,Pos,Age,Tm,G,GS,MP,FG,FGA,FG%,3P,3PA,3P%,2P,2PA,2P%,FT,FTA,FT%,ORB,DRB,TRB,AST,STL,BLK,TOV,PF,PTS
1,Precious Achiuwa,C,23,TOR,55,12,1140,6.2,12.8,.485,0.9,3.4,.269,5.3,9.3,.564,2.7,3.9,.702,3.2,7.2,10.4,1.6,1.0,0.9,1.9,3.2,16.0
2,Steven Adams,C,29,MEM,42,42,1133,5.0,8.4,.597,0.0,0.0,.000,5.0,8.3,.599,1.5,4.1,.364,6.8,8.6,15.4,3.1,1.1,1.5,2.5,3.1,11.5
3,Bam Adebayo,C,25,MIA,75,75,2598,8.3,15.4,.540,0.0,0.2,.083,8.3,15.3,.545,4.5,5.6,.806,2.5,7.0,9.5,3.3,1.2,0.8,2.6,2.9,21.2
4,Ochai Agbaji,SG,22,UTA,59,22,1209,4.9,11.5,.427,2.4,6.8,.355,2.5,4.7,.532,1.7,2.1,.812,1.3,2.3,3.6,2.0,0.5,0.4,1.2,2.9,13.9
5,Santi Aldama,PF,22,MEM,77,20,1682,5.3,11.2,.470,2.0,5.7,.353,3.3,5.5,.591,2.3,3.1,.750,1.8,6.1,7.9,2.1,1.0,1.0,1.3,3.1,14.9
6,Nickeil Alexander-Walker,SG,24,TOT,59,3,884,5.3,12.0,.444,2.5,6.5,.384,2.9,5.5,.515,1.6,2.4,.667,0.6,3.5,4.1,4.4,1.3,0.9,2.2,3.6,14.8
6,Nickeil Alexander-Walker,SG,24,UTA,36,3,528,5.7,11.6,.488,2.4,5.9,.402,3.3,5.7,.578,1.8,2.7,.692,0.5,3.5,4.0,5.2,1.6,1.0,3.1,4.0,15.5
6,Nickeil Alexander-Walker,SG,24,MIN,23,0,356,4.9,12.6,.384,2.6,7.3,.361,2.2,5.4,.415,1.3,2.1,.619,0.7,3.5,4.2,3.2,0.8,0.7,1.0,3.0,13.7
7,Grayson Allen,SG,27,MIL,72,70,1972,4.5,10.2,.440,2.7,6.7,.399,1.8,3.5,.518,2.1,2.3,.905,1.1,3.2,4.3,3.0,1.1,0.3,1.3,2.1,13.7
8,Jarrett Allen,C,24,CLE,68,68,2220,6.5,10.2,.644,0.0,0.2,.100,6.5,10.0,.653,2.6,3.6,.733,3.6,7.2,10.8,1.8,0.9,1.4,1.5,2.5,15.7
9,Jose Alvarado,PG,24,NOP,61,10,1310,5.5,13.4,.411,2.3,6.8,.336,3.2,6.7,.488,1.8,2.2,.813,0.8,3.1,3.9,5.1,1.8,0.3,2.2,3.4,15.1
10,Kyle Anderson,PF,29,MIN,69,46,1957,4.6,9.1,.509,0.8,1.9,.410,3.8,7.2,.536,1.8,2.5,.735,1.2,5.6,6.8,6.2,1.4,1.2,1.9,2.7,11.9
11,Giannis Antetokounmpo,PF,28,MIL,63,63,2024,12.6,22.7,.553,0.8,3.0,.275,11.7,19.7,.596,8.9,13.7,.645,2.4,10.8,13.2,6.4,0.9,0.9,4.4,3.5,34.8
12,Thanasis Antetokounmpo,PF,30,MIL,37,0,206,3.5,8.0,.435,0.0,1.4,.000,3.5,6.6,.526,1.9,3.8,.500,2.6,5.1,7.7,2.6,0.5,0.5,2.1,3.8,8.9
13,Cole Anthony,PG,22,ORL,60,4,1552,6.4,14.1,.454,1.7,4.8,.364,4.7,9.4,.500,3.5,3.9,.894,1.1,5.6,6.7,5.5,0.9,0.7,2.1,3.7,18.1
14,OG Anunoby,SF,25,TOR,67,67,2386,6.4,13.4,.476,2.1,5.5,.387,4.2,7.8,.539,2.1,2.5,.838,1.4,3.6,5.0,2.0,1.9,0.8,2.0,3.0,17.0
15,Ryan Arcidiacono,PG,28,TOT,20,4,172,1.9,7.7,.243,1.7,4.8,.348,0.2,2.9,.071,0.0,0.0,,0.0,3.1,3.1,4.8,1.0,0.0,1.5,3.6,5.4
15,Ryan Arcidiacono,PG,28,NYK,11,0,26,1.4,6.9,.200,1.4,4.2,.333,0.0,2.8,.000,0.0,0.0,,0.0,5.5,5.5,2.8,2.8,0.0,1.4,4.2,4.2
15,Ryan Arcidiacono,PG,28,POR,9,4,146,2.0,7.9,.250,1.7,4.9,.350,0.2,3.0,.083,0.0,0.0,,0.0,2.7,2.7,5.2,0.7,0.0,1.5,3.5,5.7
16,Deni Avdija,SF,22,WAS,76,40,2020,4.5,10.3,.437,1.2,4.1,.297,3.3,6.2,.530,2.2,2.9,.739,1.3,7.4,8.7,3.8,1.2,0.5,2.2,3.7,12.4
17,Deandre Ayton,C,24,PHO,67,67,2035,9.2,15.7,.589,0.1,0.4,.292,9.1,15.3,.597,2.7,3.5,.760,3.0,8.8,11.8,2.0,0.7,0.9,2.1,3.4,21.3
18,Udoka Azubuike,C,23,UTA,36,4,359,5.9,7.2,.819,0.0,0.0,,5.9,7.2,.819,0.7,2.0,.350,3.1,8.8,11.9,1.1,0.6,1.5,1.8,3.4,12.5
19,Marvin Bagley III,C,23,DET,42,25,990,7.3,13.9,.529,0.7,2.4,.288,6.7,11.5,.579,2.9,3.9,.750,3.4,6.4,9.8,1.3,0.7,1.1,1.7,2.9,18.3
20,Patrick Baldwin Jr.,SF,20,GSW,31,0,226,6.8,17.4,.394,5.1,13.4,.381,1.8,4.0,.440,0.6,1.0,.667,0.2,6.2,6.4,1.8,1.0,0.6,1.8,2.2,19.4
Rk,Player,Pos,Age,Tm,G,GS,MP,FG,FGA,FG%,3P,3PA,3P%,2P,2PA,2P%,FT,FTA,FT%,ORB,DRB,TRB,AST,STL,BLK,TOV,PF,PTS
21,LaMelo Ball,PG,21,CHO,36,36,1268,8.4,20.5,.411,4.1,10.9,.376,4.3,9.6,.450,2.9,3.5,.836,1.2,5.4,6.6,8.6,1.3,0.3,3.7,3.4,23.8
22,Mo Bamba,C,24,TOT,49,7,769,5.5,11.3,.485,2.2,5.8,.387,3.2,5.5,.590,1.9,2.9,.661,2.7,7.8,10.5,2.2,0.6,2.0,1.4,4.9,15.1
22,Mo Bamba,C,24,ORL,40,6,681,5.6,11.3,.495,2.3,5.7,.398,3.3,5.6,.594,1.9,2.7,.686,2.5,7.2,9.7,2.2,0.6,2.0,1.2,4.5,15.3
22,Mo Bamba,C,24,LAL,9,1,88,4.5,11.0,.407,2.0,6.5,.313,2.5,4.5,.545,2.5,4.5,.545,4.5,12.3,16.8,1.6,0.4,2.0,3.3,7.8,13.5
23,Paolo Banchero,PF,20,ORL,72,72,2430,7.1,16.6,.427,1.3,4.2,.298,5.8,12.4,.471,5.8,7.9,.738,1.2,6.1,7.4,4.0,0.9,0.6,3.0,2.4,21.3
24,Desmond Bane,SG,24,MEM,58,58,1841,8.8,18.4,.479,3.2,8.0,.408,5.6,10.4,.534,3.5,4.0,.883,0.8,4.8,5.7,5.0,1.1,0.4,2.5,2.9,24.4
25,Dalano Banton,PG,23,TOR,31,2,279,7.1,16.8,.423,1.9,6.6,.294,5.2,10.2,.506,2.2,3.1,.708,1.4,4.4,5.8,4.6,1.7,1.7,2.3,4.4,18.3
26,Dominick Barlow,PF,19,SAS,28,0,408,4.1,7.6,.535,0.0,0.4,.000,4.1,7.2,.561,1.6,2.2,.720,4.1,4.9,9.0,2.1,0.9,1.7,1.3,4.9,9.7
27,Harrison Barnes,PF,30,SAC,82,82,2662,5.1,10.7,.473,1.8,4.8,.374,3.3,5.9,.553,4.7,5.6,.847,1.2,3.8,4.9,1.7,0.8,0.1,1.2,1.4,16.6
28,Scottie Barnes,SF,21,TOR,77,76,2678,6.2,13.7,.456,0.8,3.0,.281,5.4,10.6,.505,2.6,3.3,.772,2.4,4.5,6.9,5.0,1.1,0.8,2.1,2.3,15.8
29,RJ Barrett,SG,22,NYK,73,73,2475,7.4,17.1,.434,1.8,5.7,.310,5.7,11.4,.495,4.2,5.7,.740,0.9,4.5,5.4,2.9,0.5,0.2,2.4,2.6,20.8
30,Will Barton,SG,32,TOT,56,2,993,5.0,13.2,.379,2.4,6.5,.367,2.6,6.7,.391,1.3,1.7,.787,0.5,4.4,5.0,4.1,1.0,0.5,1.7,2.0,13.7
30,Will Barton,SG,32,WAS,40,0,782,5.1,13.1,.386,2.4,6.4,.377,2.7,6.8,.395,1.6,2.1,.778,0.5,4.6,5.1,4.4,0.8,0.5,2.1,1.8,14.1
30,Will Barton,SG,32,TOR,16,2,211,4.8,13.5,.354,2.4,7.2,.333,2.4,6.3,.378,0.3,0.3,1.000,0.9,3.6,4.4,2.9,1.9,0.5,0.5,2.9,12.3
31,Charles Bassey,C,22,SAS,35,2,508,6.2,9.6,.644,0.2,0.6,.375,6.0,9.0,.661,1.6,2.6,.595,5.3,8.4,13.7,3.3,1.1,2.3,2.9,5.2,14.1
32,Keita Bates-Diop,PF,27,SAS,67,42,1452,5.9,11.5,.508,1.4,3.5,.394,4.5,8.0,.557,3.0,3.7,.793,1.6,4.5,6.1,2.6,1.1,0.5,1.4,1.6,16.0
33,Nicolas Batum,PF,34,LAC,78,19,1709,3.4,8.0,.420,2.6,6.7,.391,0.8,1.3,.563,0.7,1.0,.708,1.3,5.0,6.3,2.5,1.1,0.9,1.1,3.1,10.1
34,Darius Bazley,C,22,TOT,43,1,616,4.9,10.7,.454,1.2,3.1,.377,3.7,7.6,.485,2.2,4.1,.543,2.0,6.1,8.1,2.2,1.3,2.0,1.6,2.6,13.1
34,Darius Bazley,C,22,OKC,36,1,555,4.6,10.2,.449,1.2,2.9,.400,3.4,7.3,.469,2.3,4.2,.554,1.9,6.0,7.9,2.1,1.2,1.9,1.4,2.3,12.7
34,Darius Bazley,C,22,PHO,7,0,61,7.1,14.8,.480,1.2,4.7,.250,5.9,10.0,.588,1.2,3.0,.400,3.0,6.5,9.4,3.5,1.8,3.0,3.0,5.3,16.5
35,Bradley Beal,SG,29,WAS,50,50,1673,9.6,18.9,.506,1.7,4.7,.365,7.8,14.2,.552,4.1,4.9,.842,0.9,3.3,4.2,5.8,1.0,0.7,3.1,2.3,25.0
36,Malik Beasley,SG,26,TOT,81,27,2093,6.4,16.1,.395,4.0,11.3,.357,2.3,4.8,.484,0.9,1.1,.769,0.6,4.3,4.9,2.1,1.1,0.2,1.5,1.8,17.6
36,Malik Beasley,SG,26,UTA,55,13,1472,6.5,16.4,.396,4.1,11.5,.359,2.3,4.8,.485,0.9,1.1,.841,0.7,4.2,4.8,2.3,1.1,0.2,1.5,1.8,18.0
36,Malik Beasley,SG,26,LAL,26,14,621,6.1,15.5,.392,3.8,10.8,.353,2.3,4.7,.481,0.8,1.2,.619,0.5,4.5,5.0,1.8,1.2,0.1,1.7,1.9,16.8
37,MarJon Beauchamp,SF,22,MIL,52,11,701,4.9,12.5,.395,2.4,7.3,.331,2.5,5.2,.485,1.4,1.9,.730,2.0,4.0,5.9,1.8,1.1,0.4,2.3,3.6,13.7
38,Dāvis Bertāns,PF,30,DAL,45,1,492,5.0,11.7,.431,4.0,10.3,.390,1.0,1.4,.737,1.0,1.1,.867,0.7,3.1,3.9,1.5,0.8,0.6,0.7,3.9,15.1
39,Patrick Beverley,SG-PG,34,TOT,67,67,1816,2.9,7.1,.400,1.6,4.7,.335,1.3,2.4,.529,0.9,1.3,.723,0.9,4.0,4.9,3.8,1.2,0.8,1.2,3.7,8.2
39,Patrick Beverley,SG,34,LAL,45,45,1211,2.9,7.2,.402,1.6,4.7,.348,1.2,2.5,.506,1.2,1.5,.780,0.7,3.4,4.2,3.5,1.2,0.7,1.2,3.7,8.6
39,Patrick Beverley,PG,34,CHI,22,22,605,2.8,7.1,.395,1.5,4.8,.309,1.3,2.3,.579,0.5,0.9,.533,1.2,5.2,6.4,4.5,1.4,1.0,1.1,3.7,7.6
40,Saddiq Bey,SF,23,TOT,77,37,2129,6.0,14.1,.422,2.6,7.1,.361,3.4,7.1,.483,3.5,4.0,.861,1.7,4.5,6.1,2.0,1.2,0.2,1.2,2.1,18.0
40,Saddiq Bey,SF,23,DET,52,30,1500,5.9,14.5,.404,2.4,7.0,.345,3.5,7.5,.460,4.3,5.0,.861,1.4,4.4,5.8,2.0,1.2,0.3,1.3,2.1,18.5
40,Saddiq Bey,SF,23,ATL,25,7,629,6.2,13.2,.470,2.9,7.2,.400,3.3,6.0,.552,1.4,1.7,.862,2.2,4.6,6.9,1.9,1.1,0.1,1.0,2.1,16.7
Rk,Player,Pos,Age,Tm,G,GS,MP,FG,FGA,FG%,3P,3PA,3P%,2P,2PA,2P%,FT,FTA,FT%,ORB,DRB,TRB,AST,STL,BLK,TOV,PF,PTS
41,Khem Birch,C,30,TOR,20,0,162,4.2,7.1,.594,0.2,0.4,.500,4.0,6.7,.600,0.9,1.1,.800,1.8,3.8,5.6,1.6,1.1,1.1,1.8,5.3,9.6
42,Goga Bitadze,C,23,TOT,38,1,457,5.4,9.8,.552,0.5,2.0,.231,5.0,7.8,.636,1.8,3.3,.548,4.8,6.0,10.8,3.1,1.3,2.0,1.7,5.0,13.2
42,Goga Bitadze,C,23,IND,21,0,202,4.8,9.3,.519,0.7,2.5,.286,4.1,6.8,.605,2.0,4.3,.458,4.5,4.3,8.7,3.2,1.6,1.8,2.1,6.1,12.3
42,Goga Bitadze,C,23,ORL,17,1,255,5.9,10.3,.575,0.3,1.7,.167,5.6,8.6,.656,1.7,2.5,.667,5.1,7.3,12.4,3.0,1.0,2.3,1.4,4.2,13.8
43,Bismack Biyombo,C,30,PHO,61,14,874,4.9,8.5,.578,0.0,0.0,,4.9,8.5,.578,1.0,2.9,.357,3.7,7.0,10.7,2.3,0.7,3.6,2.1,4.7,10.8
44,Buddy Boeheim,SF,23,DET,10,0,90,2.0,10.8,.185,1.6,10.0,.160,0.4,0.8,.500,0.8,0.8,1.000,0.8,1.6,2.4,1.6,0.8,0.0,0.0,2.4,6.4
45,Bogdan Bogdanović,SG,30,ATL,54,9,1508,6.5,14.6,.447,3.5,8.6,.406,3.0,6.0,.506,1.5,1.8,.831,0.5,3.4,3.9,3.6,1.0,0.4,1.6,2.1,18.0
46,Bojan Bogdanović,PF,33,DET,59,59,1893,8.2,16.8,.488,2.8,6.7,.411,5.4,10.1,.539,5.1,5.8,.884,0.7,3.6,4.2,2.9,0.6,0.2,2.6,2.1,24.2
47,Bol Bol,PF,23,ORL,70,33,1505,6.2,11.4,.546,0.7,2.7,.265,5.5,8.7,.633,2.0,2.6,.759,1.7,8.0,9.7,1.7,0.7,2.0,2.7,2.2,15.2
48,Leandro Bolmaro,SF,22,UTA,14,0,68,1.6,10.6,.150,0.0,2.1,.000,1.6,8.5,.188,0.0,0.0,,2.1,1.6,3.7,3.7,1.6,0.5,3.7,5.3,3.2
49,Devin Booker,SG,26,PHO,53,53,1835,10.3,20.9,.494,2.2,6.2,.351,8.2,14.7,.554,6.0,7.0,.855,0.9,3.8,4.7,5.7,1.0,0.4,2.8,3.1,28.9
50,Brandon Boston Jr.,SF,21,LAC,22,1,248,7.4,17.7,.418,1.7,4.2,.414,5.7,13.5,.419,4.2,5.5,.763,1.0,3.3,4.4,2.9,1.3,0.0,1.7,3.0,20.8
51,Chris Boucher,PF,30,TOR,76,0,1523,6.2,12.5,.493,1.5,4.5,.328,4.7,8.0,.585,3.0,4.0,.762,3.7,6.2,10.0,0.7,1.1,1.5,1.0,3.4,16.8
52,James Bouknight,SG,22,CHO,34,0,515,4.8,13.5,.358,2.3,7.6,.303,2.5,5.9,.429,1.4,2.1,.667,0.6,4.5,5.0,2.9,1.0,0.3,2.2,3.4,13.4
53,Jamaree Bouyea,PG,23,TOT,5,0,71,3.0,7.1,.429,1.0,3.0,.333,2.0,4.1,.500,0.5,1.0,.500,0.5,2.5,3.0,2.0,2.0,1.0,2.0,3.0,7.6
53,Jamaree Bouyea,PG,23,MIA,4,0,65,3.3,7.2,.462,1.1,2.8,.400,2.2,4.4,.500,0.6,1.1,.500,0.6,2.2,2.8,2.2,2.2,1.1,2.2,2.8,8.3
53,Jamaree Bouyea,PG,23,WAS,1,0,6,0.0,6.0,.000,0.0,6.0,.000,0.0,0.0,,0.0,0.0,,0.0,6.0,6.0,0.0,0.0,0.0,0.0,6.0,0.0
54,Tony Bradley,C,25,CHI,12,0,33,6.5,13.1,.500,3.3,5.5,.600,3.3,7.6,.429,4.4,4.4,1.000,1.1,10.9,12.0,1.1,1.1,1.1,1.1,2.2,20.7
55,Malaki Branham,SG,19,SAS,66,32,1550,6.2,14.2,.440,1.8,5.9,.302,4.5,8.3,.539,1.3,1.6,.829,0.7,3.6,4.2,2.9,0.8,0.2,1.8,2.7,15.6
56,Jarrell Brantley,PF,26,UTA,4,0,39,7.4,12.9,.571,3.7,8.3,.444,3.7,4.6,.800,1.8,1.8,1.000,0.9,4.6,5.5,2.8,0.0,1.8,1.8,2.8,20.3
57,Christian Braun,SG,21,DEN,76,6,1181,4.4,8.8,.495,1.0,2.9,.354,3.3,5.9,.565,1.2,2.0,.625,1.5,4.1,5.5,1.8,1.2,0.5,1.1,3.1,11.0
58,Mikal Bridges,SF-SG,26,TOT,83,83,2963,7.2,15.4,.468,2.1,5.4,.382,5.2,10.0,.514,3.8,4.3,.895,1.0,3.5,4.4,3.3,1.1,0.7,1.5,1.9,20.3
58,Mikal Bridges,SF,26,PHO,56,56,2040,6.2,13.5,.463,1.8,4.6,.387,4.5,8.9,.503,2.8,3.1,.897,1.0,3.3,4.3,3.5,1.1,0.8,1.4,2.0,17.0
58,Mikal Bridges,SG,26,BRK,27,27,923,9.3,19.6,.475,2.7,7.1,.376,6.7,12.6,.531,6.2,7.0,.894,0.9,3.8,4.7,2.8,1.0,0.6,1.9,1.7,27.5
59,Oshae Brissett,PF,24,IND,65,2,1083,4.1,10.6,.386,1.6,5.2,.310,2.5,5.5,.457,3.5,4.8,.717,2.1,5.2,7.2,1.5,1.1,0.4,1.1,2.6,13.2
60,Malcolm Brogdon,PG,30,BOS,67,0,1744,7.3,15.1,.484,2.7,6.1,.444,4.6,9.0,.510,3.3,3.8,.870,0.9,4.9,5.8,5.1,0.9,0.4,2.0,2.3,20.6
Rk,Player,Pos,Age,Tm,G,GS,MP,FG,FGA,FG%,3P,3PA,3P%,2P,2PA,2P%,FT,FTA,FT%,ORB,DRB,TRB,AST,STL,BLK,TOV,PF,PTS
61,Dillon Brooks,SF,27,MEM,73,73,2214,6.4,16.1,.396,2.3,7.1,.326,4.0,9.0,.451,2.0,2.5,.779,0.7,3.2,4.0,3.1,1.1,0.3,1.7,3.9,17.0
62,Bruce Brown,SF,26,DEN,80,31,2280,5.7,11.7,.483,1.4,4.0,.358,4.2,7.7,.548,1.8,2.4,.758,1.0,4.2,5.2,4.2,1.4,0.8,1.9,3.0,14.6
63,Greg Brown III,PF,21,POR,16,0,93,4.3,10.8,.393,0.4,2.7,.143,3.9,8.1,.476,1.9,4.6,.417,0.8,6.6,7.4,1.2,1.5,1.9,2.3,5.0,10.8
64,Jaylen Brown,SF,26,BOS,67,67,2405,10.2,20.7,.491,2.4,7.3,.335,7.7,13.4,.576,3.9,5.1,.765,1.2,5.7,6.9,3.5,1.1,0.4,2.9,2.6,26.7
65,Kendall Brown,SG,19,IND,6,0,40,3.6,6.3,.571,0.0,0.9,.000,3.6,5.4,.667,0.9,1.8,.500,1.8,3.6,5.4,2.7,3.6,0.0,1.8,8.1,8.1
66,Moses Brown,C,23,TOT,36,1,294,7.5,11.8,.635,0.0,0.0,,7.5,11.8,.635,4.0,8.8,.458,7.0,10.0,17.0,0.5,0.5,1.7,1.8,4.8,19.0
66,Moses Brown,C,23,LAC,34,1,288,7.6,12.0,.635,0.0,0.0,,7.6,12.0,.635,4.1,9.0,.458,7.1,10.2,17.4,0.5,0.4,1.7,1.7,4.7,19.4
66,Moses Brown,C,23,BRK,2,0,6,0.0,0.0,,0.0,0.0,,0.0,0.0,,0.0,0.0,,0.0,0.0,0.0,0.0,6.0,0.0,6.0,6.0,0.0
67,Sterling Brown,SF,27,LAL,4,0,24,0.0,6.0,.000,0.0,3.0,.000,0.0,3.0,.000,0.0,0.0,,4.5,7.5,12.0,3.0,4.5,0.0,0.0,6.0,0.0
68,Troy Brown Jr.,SF,23,LAL,76,45,1860,3.9,9.0,.430,2.1,5.4,.381,1.8,3.6,.505,0.7,0.8,.872,1.2,4.8,6.0,1.8,1.1,0.3,0.9,2.3,10.5
69,Jalen Brunson,PG,26,NYK,68,68,2379,8.9,18.1,.491,2.0,4.9,.416,6.9,13.2,.519,4.9,5.9,.829,0.6,3.0,3.6,6.4,0.9,0.2,2.1,2.3,24.7
70,Thomas Bryant,C,25,TOT,59,26,1081,7.7,12.3,.623,0.9,2.0,.441,6.8,10.3,.658,3.1,4.2,.738,2.9,8.4,11.3,1.0,0.5,1.0,1.3,3.4,19.3
70,Thomas Bryant,C,25,LAL,41,25,876,8.1,12.4,.654,0.9,2.1,.440,7.2,10.3,.697,3.3,4.4,.741,2.8,8.7,11.5,1.2,0.6,0.9,1.2,3.2,20.4
70,Thomas Bryant,C,25,DEN,18,1,205,5.8,11.9,.485,0.7,1.6,.444,5.1,10.4,.492,2.3,3.2,.722,3.3,7.2,10.5,0.4,0.4,1.2,1.8,4.4,14.6
71,Reggie Bullock,SF,31,DAL,78,55,2364,2.9,7.2,.409,2.3,6.0,.380,0.6,1.1,.562,0.4,0.6,.703,0.5,3.8,4.3,1.6,0.8,0.2,0.5,2.5,8.5
72,Alec Burks,SG,31,DET,51,8,1122,6.4,14.7,.436,3.2,7.7,.414,3.2,7.1,.459,4.9,6.0,.814,0.6,4.5,5.1,3.7,1.2,0.3,1.9,3.1,20.9
73,Deonte Burton,PF,29,SAC,2,0,6,0.0,12.0,.000,0.0,6.0,.000,0.0,6.0,.000,0.0,0.0,,0.0,0.0,0.0,0.0,0.0,0.0,0.0,0.0,0.0
74,Jared Butler,PG,22,OKC,6,1,77,7.0,15.0,.469,3.3,6.5,.500,3.7,8.4,.444,0.0,0.0,,0.5,1.4,1.9,3.7,2.3,0.0,2.3,2.3,17.3
75,Jimmy Butler,PF,33,MIA,64,64,2138,8.1,15.0,.539,0.6,1.7,.350,7.5,13.2,.564,7.9,9.3,.850,2.4,3.9,6.3,5.7,2.0,0.4,1.7,1.3,24.7
76,John Butler,C,20,POR,19,1,221,2.8,8.6,.321,1.3,5.7,.229,1.5,2.9,.500,0.5,0.7,.750,0.5,2.3,2.8,1.8,1.1,1.5,0.2,3.6,7.3
77,Jamal Cain,PF,23,MIA,18,0,240,5.5,9.9,.561,1.0,3.0,.350,4.5,6.9,.652,2.5,3.3,.773,2.3,5.5,7.8,1.8,1.6,0.1,0.9,3.2,14.7
78,Kentavious Caldwell-Pope,SG,29,DEN,76,76,2381,4.4,9.6,.462,2.0,4.8,.423,2.4,4.7,.502,1.6,1.9,.824,0.5,2.6,3.1,2.8,1.7,0.5,1.3,2.2,12.4
79,Facundo Campazzo,PG,31,DAL,8,0,52,2.1,9.0,.231,2.1,7.6,.273,0.0,1.4,.000,0.7,1.4,.500,0.0,1.4,1.4,6.2,4.2,0.0,2.1,2.1,6.9
80,Vlatko Čančar,PF,25,DEN,60,9,889,4.4,9.2,.476,1.7,4.7,.374,2.6,4.5,.580,1.5,1.7,.927,1.0,4.2,5.2,3.2,0.9,0.6,1.5,3.4,12.0
Rk,Player,Pos,Age,Tm,G,GS,MP,FG,FGA,FG%,3P,3PA,3P%,2P,2PA,2P%,FT,FTA,FT%,ORB,DRB,TRB,AST,STL,BLK,TOV,PF,PTS
81,Clint Capela,C,28,ATL,65,63,1730,7.3,11.2,.653,0.0,0.0,.000,7.3,11.1,.654,1.6,2.7,.603,5.4,9.6,14.9,1.2,0.9,1.6,1.1,2.9,16.2
82,Vernon Carey Jr.,C,21,WAS,11,0,28,2.6,10.3,.250,0.0,0.0,,2.6,10.3,.250,2.6,2.6,1.000,3.9,10.3,14.1,3.9,2.6,2.6,2.6,6.4,7.7
83,Jevon Carter,PG,27,MIL,81,39,1810,4.8,11.2,.423,2.8,6.7,.421,1.9,4.5,.425,0.6,0.8,.816,0.7,3.3,4.0,3.9,1.3,0.6,1.6,3.1,12.9
84,Wendell Carter Jr.,C,23,ORL,57,54,1690,6.9,13.1,.525,1.7,4.8,.356,5.2,8.3,.624,3.1,4.2,.738,2.6,8.0,10.6,2.8,0.6,0.7,2.3,3.4,18.5
85,Michael Carter-Williams,PG,31,ORL,4,0,44,4.9,11.5,.429,0.8,2.5,.333,4.1,9.0,.455,3.3,5.7,.571,0.8,3.3,4.1,5.7,0.8,0.8,3.3,4.1,13.9
86,Alex Caruso,PG,28,CHI,67,36,1575,3.0,6.5,.455,1.3,3.5,.364,1.7,3.1,.556,1.3,1.7,.808,1.0,3.5,4.5,4.4,2.2,1.1,1.8,3.6,8.5
87,Julian Champagnie,SF,21,TOT,17,3,320,6.6,14.6,.454,3.7,9.2,.402,2.9,5.4,.542,1.6,1.9,.824,1.1,5.6,6.8,1.1,0.7,0.6,1.2,2.9,18.6
87,Julian Champagnie,SF,21,PHI,2,0,7,0.0,10.3,.000,0.0,5.1,.000,0.0,5.1,.000,0.0,0.0,,0.0,0.0,0.0,0.0,5.1,0.0,0.0,0.0,0.0
87,Julian Champagnie,SF,21,SAS,15,3,313,6.8,14.7,.461,3.8,9.3,.407,3.0,5.4,.553,1.6,2.0,.824,1.2,5.8,6.9,1.2,0.6,0.6,1.3,3.0,19.0
88,Justin Champagnie,SF,21,TOT,5,0,34,5.3,15.9,.333,1.1,5.3,.200,4.2,10.6,.400,0.0,0.0,,3.2,5.3,8.5,4.2,1.1,0.0,0.0,2.1,11.6
88,Justin Champagnie,SF,21,TOR,3,0,11,9.8,9.8,1.000,0.0,0.0,,9.8,9.8,1.000,0.0,0.0,,3.3,9.8,13.1,3.3,0.0,0.0,0.0,3.3,19.6
88,Justin Champagnie,SF,21,BOS,2,0,23,3.1,18.8,.167,1.6,7.8,.200,1.6,11.0,.143,0.0,0.0,,3.1,3.1,6.3,4.7,1.6,0.0,0.0,1.6,7.8
89,Kennedy Chandler,PG,20,MEM,36,0,281,4.5,10.6,.422,0.3,1.9,.133,4.2,8.7,.485,0.8,1.7,.462,1.2,3.7,4.9,7.4,1.5,0.6,2.3,1.9,10.0
90,Max Christie,SG,19,LAL,41,3,512,3.1,7.5,.415,1.8,4.4,.419,1.3,3.1,.409,1.0,1.1,.875,0.5,4.8,5.3,1.5,0.6,0.5,0.9,2.3,9.0
91,Josh Christopher,SG,21,HOU,64,2,786,7.0,15.1,.465,1.0,4.1,.236,6.0,11.0,.550,2.1,2.7,.750,0.9,2.3,3.3,3.3,1.5,0.7,2.7,2.7,17.0
92,Brandon Clarke,PF,26,MEM,56,8,1090,7.6,11.5,.656,0.0,0.2,.167,7.5,11.3,.665,3.3,4.5,.723,3.0,7.2,10.2,2.4,1.1,1.2,1.8,4.3,18.4
93,Jordan Clarkson,SG,30,UTA,61,61,1988,8.3,18.7,.444,2.8,8.3,.338,5.5,10.4,.530,3.6,4.4,.816,1.3,3.2,4.5,4.9,0.6,0.2,3.4,2.2,23.0
94,Nic Claxton,C,23,BRK,76,76,2271,6.6,9.3,.705,0.0,0.0,.000,6.6,9.3,.708,2.1,3.9,.541,2.9,8.2,11.1,2.3,1.0,3.0,1.5,3.4,15.2
95,Amir Coffey,SF,25,LAC,50,9,625,3.2,8.4,.386,0.6,2.3,.275,2.6,6.0,.429,2.8,3.6,.778,1.0,2.1,3.1,3.1,0.4,0.3,1.2,2.9,9.9
96,John Collins,PF,25,ATL,71,71,2130,6.1,11.9,.508,1.2,4.1,.292,4.9,7.9,.619,2.4,3.0,.803,1.3,6.5,7.8,1.4,0.7,1.2,1.3,3.7,15.7
97,Zach Collins,C,25,SAS,63,26,1441,7.1,13.7,.518,1.4,3.7,.374,5.7,10.0,.571,2.7,3.5,.761,2.9,7.1,10.0,4.5,0.9,1.2,3.2,5.0,18.3
98,Chance Comanche,C,26,POR,1,0,21,5.1,8.6,.600,0.0,0.0,,5.1,8.6,.600,1.7,6.9,.250,3.4,1.7,5.1,0.0,0.0,1.7,0.0,0.0,12.0
99,Mike Conley,PG,35,TOT,67,66,2029,4.6,10.8,.428,2.4,6.2,.385,2.2,4.6,.486,2.5,3.0,.834,0.6,2.6,3.2,8.0,1.3,0.2,1.8,2.5,14.2
99,Mike Conley,PG,35,UTA,43,42,1276,4.3,10.6,.408,2.2,6.0,.362,2.1,4.6,.469,2.2,2.7,.813,0.5,2.5,3.0,9.3,1.2,0.3,2.1,2.7,13.0
99,Mike Conley,PG,35,MIN,24,24,753,5.2,11.2,.460,2.8,6.6,.420,2.4,4.6,.515,3.0,3.5,.863,0.8,2.8,3.6,5.7,1.4,0.2,1.4,2.2,16.1
100,Pat Connaughton,SF,30,MIL,61,33,1443,4.1,10.5,.392,2.7,8.0,.339,1.4,2.5,.566,0.7,1.0,.659,1.2,5.8,7.1,1.9,0.9,0.3,0.8,1.7,11.6
Rk,Player,Pos,Age,Tm,G,GS,MP,FG,FGA,FG%,3P,3PA,3P%,2P,2PA,2P%,FT,FTA,FT%,ORB,DRB,TRB,AST,STL,BLK,TOV,PF,PTS
101,Xavier Cooks,PF,27,WAS,10,1,126,4.9,8.0,.607,0.0,0.3,.000,4.9,7.7,.630,1.1,2.9,.400,4.6,6.3,10.9,1.7,1.7,1.1,2.3,3.7,10.9
102,Robert Covington,PF,32,LAC,48,0,779,4.7,10.6,.445,2.5,6.3,.397,2.2,4.3,.516,1.4,1.8,.750,1.4,6.2,7.7,2.6,1.8,1.5,1.5,4.0,13.3
103,Torrey Craig,PF,32,PHO,79,60,1948,4.2,9.2,.456,1.8,4.7,.395,2.4,4.6,.518,0.6,0.8,.711,2.7,5.2,7.9,2.2,0.9,1.1,1.3,3.3,10.9
104,Jae Crowder,PF,32,MIL,18,3,340,4.8,10.0,.479,2.5,5.8,.436,2.2,4.1,.538,1.1,1.3,.833,1.8,5.5,7.3,2.9,1.3,0.6,0.7,2.9,13.1
105,Jarrett Culver,SF,23,ATL,10,1,137,4.5,11.3,.395,0.3,3.2,.083,4.2,8.1,.516,2.4,3.4,.692,2.6,7.4,10.0,1.6,1.6,0.5,1.8,3.7,11.6
106,Cade Cunningham,PG,21,DET,12,12,400,8.4,20.2,.415,1.5,5.5,.279,6.8,14.7,.466,3.2,3.9,.837,1.1,5.6,6.7,6.5,0.9,0.6,3.5,3.1,21.5
107,Seth Curry,SG,32,BRK,61,7,1211,6.2,13.3,.463,2.8,6.9,.405,3.4,6.5,.525,1.5,1.6,.927,0.4,2.6,3.0,2.9,1.1,0.2,1.5,2.9,16.7
108,Stephen Curry,PG,34,GSW,56,56,1941,10.4,21.0,.493,5.1,11.9,.427,5.3,9.2,.579,4.8,5.2,.915,0.7,5.6,6.3,6.5,1.0,0.4,3.3,2.2,30.6
109,Dyson Daniels,PG,19,NOP,59,11,1042,3.0,7.2,.418,0.9,3.0,.314,2.1,4.2,.492,0.9,1.4,.650,1.2,5.3,6.5,4.6,1.5,0.4,2.0,3.4,7.8
110,Anthony Davis,C,29,LAL,56,54,1904,10.2,18.2,.563,0.4,1.4,.257,9.9,16.8,.589,6.6,8.4,.784,3.7,9.6,13.3,2.8,1.1,2.2,2.3,2.8,27.4
111,Johnny Davis,SG,20,WAS,28,5,423,5.6,14.6,.386,1.4,6.0,.243,4.2,8.6,.485,1.2,2.3,.519,0.9,4.7,5.5,2.4,0.9,0.7,1.4,4.1,13.9
112,Terence Davis,SG,25,SAC,64,5,841,6.6,15.6,.423,3.8,10.4,.366,2.8,5.2,.537,1.5,1.8,.791,0.9,5.1,6.0,2.9,1.8,0.5,2.3,4.5,18.4
113,JD Davison,SG,20,BOS,12,0,66,4.4,10.4,.421,1.1,3.8,.286,3.3,6.5,.500,0.5,1.1,.500,1.1,3.8,4.9,6.0,1.1,1.1,2.2,2.7,10.4
114,Darius Days,SF,23,HOU,4,0,25,7.2,17.3,.417,4.3,14.4,.300,2.9,2.9,1.000,2.9,2.9,1.000,1.4,7.2,8.6,1.4,0.0,1.4,0.0,2.9,21.6
115,Dewayne Dedmon,C,33,TOT,38,1,426,6.5,12.8,.510,1.0,3.3,.308,5.5,9.5,.580,2.8,4.1,.673,2.9,8.5,11.3,2.2,0.8,1.6,2.1,6.3,16.8
115,Dewayne Dedmon,C,33,MIA,30,0,350,6.6,13.3,.496,1.1,3.8,.297,5.5,9.5,.576,3.3,4.5,.727,2.9,8.3,11.2,1.6,0.7,1.4,2.0,6.3,17.6
115,Dewayne Dedmon,C,33,PHI,8,1,76,6.2,10.4,.591,0.5,0.9,.500,5.7,9.5,.600,0.5,2.4,.200,2.8,9.0,11.8,4.7,0.9,2.4,2.8,6.6,13.3
116,Matthew Dellavedova,PG,32,SAC,32,0,213,2.9,8.5,.340,1.5,4.6,.333,1.4,3.9,.348,0.7,1.2,.571,0.2,2.0,2.2,6.9,1.2,0.0,1.7,3.4,7.9
117,DeMar DeRozan,SF,33,CHI,74,74,2682,8.8,17.5,.504,0.6,1.9,.324,8.2,15.6,.526,6.1,7.0,.872,0.5,4.1,4.6,5.1,1.1,0.5,2.1,2.5,24.4
118,Moussa Diabaté,C,21,LAC,22,1,195,4.4,8.7,.511,0.2,0.4,.500,4.2,8.3,.511,1.8,3.0,.625,5.7,3.5,9.2,0.7,1.3,1.5,1.7,2.8,10.9
119,Mamadi Diakite,C,26,CLE,22,2,176,4.9,10.2,.480,1.4,4.3,.333,3.5,5.9,.586,0.4,0.4,1.000,1.6,4.5,6.1,1.6,0.8,1.8,2.5,5.3,11.7
120,Hamidou Diallo,SF,24,DET,56,0,996,7.8,13.6,.573,0.2,0.8,.238,7.6,12.8,.593,3.1,5.3,.588,2.1,5.0,7.0,2.0,1.9,0.6,2.6,4.5,18.9
Rk,Player,Pos,Age,Tm,G,GS,MP,FG,FGA,FG%,3P,3PA,3P%,2P,2PA,2P%,FT,FTA,FT%,ORB,DRB,TRB,AST,STL,BLK,TOV,PF,PTS
121,Gorgui Dieng,C,33,SAS,31,1,358,4.5,11.8,.385,2.1,7.5,.280,2.4,4.2,.571,1.0,1.3,.769,2.7,8.0,10.8,5.3,0.4,1.4,3.2,5.7,12.2
122,Ousmane Dieng,PF,19,OKC,39,1,569,4.8,11.5,.420,1.6,6.2,.265,3.2,5.3,.602,0.9,1.5,.652,1.2,5.4,6.6,2.9,0.9,0.4,1.6,2.7,12.2
123,Spencer Dinwiddie,SG-PG,29,TOT,79,79,2725,6.1,13.9,.438,2.4,6.5,.369,3.7,7.4,.498,3.5,4.4,.812,0.4,3.2,3.6,6.8,0.9,0.3,1.9,2.5,18.1
123,Spencer Dinwiddie,SG,29,DAL,53,53,1808,6.3,13.8,.455,2.7,6.8,.405,3.5,7.0,.504,3.4,4.1,.821,0.4,2.9,3.2,5.6,0.8,0.3,1.8,2.5,18.7
123,Spencer Dinwiddie,PG,29,BRK,26,26,917,5.7,14.0,.404,1.7,5.8,.289,4.0,8.1,.488,3.8,4.8,.797,0.4,3.8,4.2,9.3,1.1,0.3,2.2,2.5,16.8
124,Donte DiVincenzo,SG,26,GSW,72,36,1894,4.5,10.3,.435,2.9,7.2,.397,1.6,3.1,.525,1.1,1.3,.817,1.5,4.7,6.2,4.8,1.8,0.2,2.1,2.5,12.9
125,Luka Dončić,PG,23,DAL,66,66,2391,10.8,21.8,.496,2.8,8.1,.342,8.0,13.7,.588,7.8,10.4,.742,0.8,7.8,8.6,8.0,1.4,0.5,3.6,2.5,32.2
126,Tyler Dorsey,SF,26,DAL,3,0,8,18.0,22.5,.800,4.5,9.0,.500,13.5,13.5,1.000,0.0,0.0,,4.5,4.5,9.0,0.0,0.0,0.0,0.0,0.0,40.5
127,Luguentz Dort,SF,23,OKC,74,73,2272,5.4,13.8,.388,2.1,6.5,.330,3.2,7.4,.440,3.2,4.1,.772,2.0,3.4,5.5,2.4,1.2,0.4,1.5,3.9,16.1
128,Ayo Dosunmu,SG,23,CHI,80,51,2098,4.8,9.8,.493,1.0,3.2,.312,3.8,6.5,.583,1.1,1.4,.805,0.8,3.0,3.8,3.5,1.1,0.4,1.7,3.1,11.8
129,Devon Dotson,PG,23,WAS,6,0,53,0.7,6.8,.100,0.7,2.7,.250,0.0,4.1,.000,0.0,0.0,,4.1,2.7,6.8,5.4,3.4,0.0,2.0,6.1,2.0
130,Jeff Dowtin,PG,25,TOR,25,0,259,3.5,7.9,.439,0.7,2.2,.313,2.8,5.7,.488,0.8,1.3,.667,0.8,2.4,3.2,4.3,1.3,0.4,0.7,1.8,8.5
131,PJ Dozier,SF,26,SAC,16,0,79,4.6,15.0,.303,0.9,7.3,.125,3.6,7.7,.471,0.0,0.0,,0.5,5.9,6.4,4.6,2.7,0.5,2.3,3.2,10.0
132,Goran Dragić,PG,36,TOT,58,0,870,5.8,13.9,.421,2.2,6.0,.359,3.7,7.9,.468,1.3,1.9,.689,0.7,2.7,3.4,6.2,0.5,0.2,2.6,2.7,15.1
132,Goran Dragić,PG,36,CHI,51,0,787,5.8,13.7,.425,2.1,5.9,.352,3.8,7.8,.480,1.2,1.9,.659,0.6,2.6,3.2,6.4,0.5,0.2,2.6,2.9,14.9
132,Goran Dragić,PG,36,MIL,7,0,83,6.1,15.6,.389,3.0,7.4,.412,3.0,8.2,.368,1.7,1.7,1.000,1.3,3.9,5.2,5.2,0.9,0.0,3.0,0.9,16.9
133,Andre Drummond,C,29,CHI,67,0,849,7.0,11.6,.606,0.0,0.1,.000,7.0,11.5,.613,2.8,5.3,.536,5.9,13.0,18.8,1.4,1.9,1.1,3.2,5.0,16.9
134,Chris Duarte,SF,25,IND,46,12,897,4.9,13.4,.369,2.2,7.0,.316,2.7,6.4,.428,2.4,2.9,.847,0.8,3.9,4.6,2.6,1.0,0.4,1.6,2.6,14.5
135,David Duke Jr.,SG,23,BRK,23,0,228,5.7,12.3,.462,0.2,1.9,.083,5.5,10.4,.530,1.9,2.7,.706,1.7,2.8,4.6,3.3,1.6,0.2,2.8,4.9,13.4
136,Kris Dunn,PG,28,UTA,22,3,568,7.4,13.7,.537,1.1,2.3,.472,6.3,11.4,.550,2.6,3.4,.774,0.6,5.8,6.3,7.9,1.6,0.6,2.2,3.7,18.4
137,Kevin Durant,PF,34,TOT,47,47,1672,10.4,18.6,.560,2.0,5.0,.404,8.4,13.6,.617,6.6,7.2,.919,0.4,6.4,6.7,5.1,0.7,1.4,3.4,2.1,29.4
137,Kevin Durant,PF,34,BRK,39,39,1403,10.5,18.8,.559,1.8,4.8,.376,8.7,14.0,.622,6.9,7.3,.934,0.4,6.4,6.7,5.3,0.8,1.5,3.5,2.4,29.7
137,Kevin Durant,PF,34,PHO,8,8,269,9.8,17.1,.570,2.9,5.5,.537,6.8,11.6,.586,5.4,6.4,.833,0.4,6.4,6.8,3.7,0.3,1.3,2.7,0.9,27.8
138,Jalen Duren,C,19,DET,67,31,1670,5.6,8.6,.648,0.0,0.0,.000,5.6,8.5,.652,2.1,3.4,.611,4.9,7.9,12.8,1.6,0.9,1.3,2.0,3.9,13.2
139,Tari Eason,PF,21,HOU,82,5,1767,6.0,13.4,.448,1.2,3.5,.343,4.8,9.9,.486,2.2,3.0,.752,4.0,6.1,10.1,1.8,2.0,1.0,2.1,3.9,15.5
140,Anthony Edwards,SG,21,MIN,79,79,2842,9.0,19.5,.459,2.7,7.3,.369,6.3,12.2,.513,4.0,5.3,.756,0.6,5.2,5.8,4.4,1.6,0.7,3.3,2.4,24.7
Rk,Player,Pos,Age,Tm,G,GS,MP,FG,FGA,FG%,3P,3PA,3P%,2P,2PA,2P%,FT,FTA,FT%,ORB,DRB,TRB,AST,STL,BLK,TOV,PF,PTS
141,Kessler Edwards,SF,22,TOT,36,4,385,3.4,8.7,.387,1.6,5.1,.309,1.8,3.6,.500,1.0,1.4,.733,2.2,3.6,5.7,2.2,1.3,0.6,1.2,3.7,9.4
141,Kessler Edwards,SF,22,BRK,14,1,79,2.7,10.9,.250,0.9,5.5,.167,1.8,5.5,.333,0.5,0.9,.500,2.7,3.6,6.4,0.9,1.4,0.5,1.8,1.4,6.8
141,Kessler Edwards,SF,22,SAC,22,3,306,3.5,8.1,.435,1.8,5.1,.349,1.8,3.1,.577,1.2,1.5,.769,2.0,3.5,5.5,2.5,1.3,0.6,1.1,4.4,10.0
142,Keon Ellis,SG,23,SAC,16,0,71,3.5,8.1,.438,3.0,6.1,.500,0.5,2.0,.250,2.0,3.5,.571,2.0,2.0,4.1,3.0,2.5,0.5,0.5,5.1,12.2
143,Joel Embiid,C,28,PHI,66,66,2284,11.5,20.9,.548,1.0,3.2,.330,10.4,17.8,.587,10.4,12.2,.857,1.8,8.8,10.6,4.3,1.0,1.8,3.6,3.2,34.4
144,Drew Eubanks,C,25,POR,78,28,1584,4.9,7.6,.641,0.2,0.4,.389,4.7,7.2,.655,1.9,2.8,.664,3.0,6.5,9.5,2.3,0.9,2.3,1.5,3.8,11.8
145,Bruno Fernando,C,24,TOT,39,4,405,5.2,10.0,.527,0.0,0.4,.000,5.2,9.6,.546,3.1,4.4,.700,4.8,7.4,12.2,2.8,0.5,3.0,2.2,6.6,13.6
145,Bruno Fernando,C,24,HOU,31,4,364,4.7,9.2,.516,0.0,0.1,.000,4.7,9.1,.522,3.0,4.4,.682,4.7,7.3,12.1,3.0,0.6,3.1,2.0,6.7,12.5
145,Bruno Fernando,C,24,ATL,8,0,41,9.7,16.7,.579,0.0,2.6,.000,9.7,14.0,.688,4.4,5.3,.833,5.3,7.9,13.2,0.9,0.0,2.6,4.4,5.3,23.7
146,Dorian Finney-Smith,PF,29,TOT,66,66,2009,3.5,9.0,.391,2.0,6.1,.337,1.5,2.9,.503,0.8,1.1,.763,2.0,3.6,5.7,1.8,1.0,0.6,1.1,2.6,9.9
146,Dorian Finney-Smith,PF,29,DAL,40,40,1288,3.6,8.7,.416,2.2,6.1,.355,1.5,2.6,.559,0.8,1.1,.750,1.9,3.4,5.3,1.6,1.1,0.6,1.0,2.2,10.2
146,Dorian Finney-Smith,PF,29,BRK,26,26,721,3.3,9.5,.351,1.8,6.0,.306,1.5,3.5,.429,0.7,0.9,.789,2.3,4.0,6.4,2.0,0.8,0.8,1.3,3.2,9.3
147,Malachi Flynn,PG,24,TOR,53,2,691,4.5,12.6,.360,2.4,6.9,.353,2.1,5.7,.367,1.3,1.7,.758,0.8,3.2,4.0,3.6,1.1,0.2,1.3,3.4,12.8
148,Simone Fontecchio,SF,27,UTA,52,6,766,5.4,14.7,.369,3.0,9.0,.330,2.4,5.7,.430,1.6,2.1,.795,1.5,2.6,4.0,2.0,0.7,0.4,1.8,2.9,15.4
149,Bryn Forbes,SG,29,MIN,25,0,268,4.0,11.1,.361,1.9,6.2,.304,2.1,5.0,.432,2.0,2.0,1.000,0.5,1.5,2.0,2.3,0.9,0.3,1.6,3.0,12.0
150,Trent Forrest,SG,24,ATL,23,3,277,3.2,7.8,.417,0.0,0.3,.000,3.2,7.5,.431,0.3,0.4,.667,0.6,4.2,4.8,4.9,0.9,0.3,1.9,2.2,6.8
151,Michael Foster Jr.,PF,20,PHI,1,0,1,0.0,0.0,,0.0,0.0,,0.0,0.0,,0.0,0.0,,0.0,0.0,0.0,0.0,0.0,0.0,0.0,0.0,0.0
152,Evan Fournier,SG,30,NYK,27,7,459,4.4,13.0,.337,2.7,8.9,.307,1.6,4.1,.404,1.4,1.6,.857,0.3,3.5,3.8,2.8,1.3,0.2,1.7,3.6,12.9
153,De'Aaron Fox,PG,25,SAC,73,73,2435,10.1,19.7,.512,1.8,5.4,.324,8.3,14.3,.584,5.1,6.5,.780,0.6,3.9,4.5,6.6,1.2,0.3,2.7,2.5,27.0
154,Markelle Fultz,PG,24,ORL,60,60,1778,7.1,13.7,.514,0.5,1.8,.310,6.5,12.0,.544,2.3,2.9,.783,1.4,3.3,4.7,6.9,1.8,0.5,2.8,2.7,16.9
155,Wenyen Gabriel,C,25,LAL,68,2,1024,5.4,9.1,.596,0.4,1.3,.278,5.1,7.9,.647,1.8,3.0,.619,4.1,6.0,10.1,1.3,0.9,1.2,1.6,5.1,13.1
156,Daniel Gafford,C,24,WAS,78,47,1604,6.5,8.9,.732,0.0,0.0,,6.5,8.9,.732,2.9,4.2,.679,3.7,6.1,9.7,1.9,0.7,2.2,1.9,4.2,15.8
157,Darius Garland,PG,23,CLE,69,69,2447,7.7,16.6,.462,2.5,6.1,.410,5.2,10.5,.492,4.1,4.7,.863,0.4,2.3,2.7,7.9,1.3,0.1,2.9,2.2,21.9
158,Usman Garuba,C,20,HOU,75,1,970,3.2,6.6,.486,0.9,2.2,.407,2.3,4.4,.525,1.1,1.7,.617,4.5,6.9,11.4,2.4,1.6,1.1,1.7,5.0,8.4
159,Luka Garza,C,24,MIN,28,0,243,9.3,17.2,.543,2.1,5.8,.359,7.3,11.4,.636,6.1,7.7,.788,4.9,4.4,9.3,2.7,0.4,0.3,2.1,6.4,26.8
160,Rudy Gay,PF,36,UTA,56,0,816,4.8,12.7,.380,1.5,5.7,.254,3.4,6.9,.484,1.9,2.2,.857,1.5,5.7,7.2,2.5,0.8,0.8,1.6,3.0,12.9
Rk,Player,Pos,Age,Tm,G,GS,MP,FG,FGA,FG%,3P,3PA,3P%,2P,2PA,2P%,FT,FTA,FT%,ORB,DRB,TRB,AST,STL,BLK,TOV,PF,PTS
161,Paul George,SF,32,LAC,56,56,1939,8.5,18.6,.457,2.9,7.9,.371,5.6,10.7,.521,4.8,5.5,.871,0.8,5.5,6.3,5.3,1.5,0.4,3.3,3.0,24.7
162,Taj Gibson,C,37,WAS,49,2,480,4.9,9.4,.520,0.6,1.8,.333,4.3,7.6,.564,2.3,3.2,.714,2.4,4.6,7.0,2.5,1.1,0.9,1.9,6.3,12.6
163,Josh Giddey,PF,20,OKC,76,76,2367,8.2,17.0,.482,1.2,3.6,.325,7.0,13.4,.524,1.6,2.2,.731,2.3,6.9,9.1,7.1,0.9,0.5,3.2,2.2,19.2
164,Shai Gilgeous-Alexander,PG,24,OKC,68,68,2416,10.5,20.6,.510,0.9,2.5,.345,9.6,18.1,.533,10.0,11.0,.905,0.9,4.0,4.9,5.5,1.7,1.0,2.9,2.9,31.8
165,Anthony Gill,PF,30,WAS,59,8,624,4.1,7.6,.538,0.2,1.7,.138,3.9,5.9,.650,2.8,3.9,.731,2.1,3.6,5.7,2.0,0.4,0.7,0.9,4.0,11.3
166,Jacob Gilyard,PG,24,MEM,1,0,41,0.9,2.6,.333,0.9,2.6,.333,0.0,0.0,,0.0,0.0,,0.0,3.5,3.5,6.1,2.6,0.0,1.8,2.6,2.6
167,Rudy Gobert,C,30,MIN,70,70,2148,6.0,9.2,.659,0.0,0.1,.000,6.0,9.1,.663,3.7,5.7,.644,3.9,9.8,13.6,1.5,0.9,1.6,2.0,3.5,15.7
168,Jordan Goodwin,PG,24,WAS,62,7,1106,5.1,11.5,.448,1.2,3.8,.322,3.9,7.6,.511,1.7,2.2,.768,1.9,4.8,6.7,5.5,1.9,0.8,1.9,3.1,13.2
169,Aaron Gordon,PF,27,DEN,68,68,2055,7.5,13.3,.564,1.1,3.0,.347,6.5,10.3,.628,3.3,5.5,.608,2.9,4.9,7.8,3.6,0.9,0.9,1.7,2.3,19.4
170,Eric Gordon,SG,34,TOT,69,58,1965,5.3,12.0,.446,2.4,6.5,.371,2.9,5.4,.535,2.6,3.2,.821,0.3,2.2,2.5,3.4,0.8,0.5,1.9,1.4,15.7
170,Eric Gordon,SG,34,HOU,47,47,1418,5.3,12.1,.439,2.2,6.2,.347,3.2,5.9,.536,2.8,3.4,.815,0.3,2.2,2.5,3.5,0.8,0.4,2.1,1.1,15.6
170,Eric Gordon,SG,34,LAC,22,11,547,5.3,11.5,.463,3.1,7.3,.423,2.2,4.2,.531,2.1,2.5,.842,0.3,2.2,2.4,3.1,0.9,0.5,1.4,2.2,15.9
171,Devonte' Graham,PG,27,TOT,73,8,1338,4.3,11.6,.374,3.2,9.1,.352,1.1,2.5,.452,2.6,3.5,.748,0.5,2.8,3.3,5.3,1.2,0.4,1.4,2.1,14.5
171,Devonte' Graham,PG,27,NOP,53,0,811,3.8,10.3,.368,2.9,8.4,.347,0.8,1.8,.463,2.0,2.6,.746,0.5,2.7,3.2,5.1,1.3,0.4,1.2,2.1,12.4
171,Devonte' Graham,PG,27,SAS,20,8,527,5.2,13.7,.380,3.6,10.1,.358,1.6,3.6,.442,3.7,4.9,.750,0.5,2.9,3.4,5.5,1.0,0.4,1.8,2.1,17.7
172,Jerami Grant,PF,28,POR,63,63,2246,7.0,14.6,.475,2.3,5.8,.401,4.6,8.9,.523,4.5,5.5,.813,0.8,3.7,4.5,2.4,0.8,0.8,1.9,2.4,20.7
173,RaiQuan Gray,PF,23,BRK,1,0,35,6.2,12.3,.500,2.1,5.1,.400,4.1,7.2,.571,2.1,2.1,1.000,3.1,6.2,9.3,7.2,0.0,1.0,4.1,5.1,16.5
174,A.J. Green,SG,23,MIL,35,1,345,5.5,13.0,.424,4.6,11.0,.419,0.9,2.1,.450,0.4,0.4,1.000,0.6,4.1,4.7,2.3,0.6,0.0,0.9,3.2,16.1
175,Danny Green,SG,35,TOT,11,0,138,5.7,12.8,.449,4.2,9.7,.432,1.6,3.1,.500,0.3,0.3,1.000,0.8,2.9,3.7,1.6,1.6,0.8,2.6,4.2,15.9
175,Danny Green,SG,35,MEM,3,0,43,2.5,9.2,.273,2.5,6.7,.375,0.0,2.5,.000,0.0,0.0,,0.8,2.5,3.3,1.7,0.8,0.0,2.5,5.0,7.5
175,Danny Green,SG,35,CLE,8,0,95,7.2,14.4,.500,4.9,11.0,.448,2.3,3.4,.667,0.4,0.4,1.000,0.8,3.0,3.8,1.5,1.9,1.1,2.7,3.8,19.7
176,Draymond Green,PF,32,GSW,73,73,2297,3.9,7.4,.527,0.6,2.1,.305,3.3,5.4,.612,1.2,1.7,.713,1.0,7.2,8.2,7.8,1.2,0.9,3.2,3.6,9.7
177,Jalen Green,SG,20,HOU,76,76,2602,7.8,18.8,.416,2.6,7.7,.338,5.2,11.1,.471,5.0,6.4,.786,0.6,3.3,3.9,3.9,0.8,0.2,2.8,1.8,23.3
178,JaMychal Green,PF,32,GSW,57,1,797,6.1,11.4,.540,1.9,5.0,.378,4.2,6.4,.667,2.3,3.0,.776,3.3,6.0,9.3,2.3,1.1,1.0,2.3,4.7,16.5
179,Javonte Green,SF,29,CHI,32,1,480,4.6,8.1,.565,1.0,2.6,.371,3.6,5.5,.658,2.3,3.4,.667,2.0,4.6,6.6,1.7,1.8,1.6,1.5,3.9,12.4
180,Jeff Green,PF,36,DEN,56,4,1091,5.3,10.8,.488,1.0,3.4,.288,4.3,7.4,.580,2.9,3.9,.744,1.3,3.5,4.8,2.3,0.6,0.6,1.5,3.3,14.4
Rk,Player,Pos,Age,Tm,G,GS,MP,FG,FGA,FG%,3P,3PA,3P%,2P,2PA,2P%,FT,FTA,FT%,ORB,DRB,TRB,AST,STL,BLK,TOV,PF,PTS
181,Josh Green,SG,22,DAL,60,21,1539,4.8,8.9,.537,1.6,4.0,.402,3.2,5.0,.643,1.6,2.2,.723,1.3,3.0,4.3,2.4,1.0,0.1,1.7,3.6,12.8
182,AJ Griffin,SF,19,ATL,72,12,1401,6.4,13.7,.465,2.6,6.7,.390,3.8,7.0,.536,1.1,1.2,.894,1.0,3.0,3.9,1.9,1.1,0.3,1.1,2.2,16.4
183,Blake Griffin,C,33,BOS,41,16,569,4.0,8.2,.485,1.5,4.2,.348,2.5,4.0,.625,1.3,2.0,.656,3.0,6.8,9.8,3.9,0.9,0.6,1.4,4.7,10.8
184,Quentin Grimes,SG,22,NYK,71,66,2121,4.8,10.2,.468,2.7,6.9,.386,2.1,3.3,.641,1.3,1.7,.796,0.8,3.1,3.9,2.5,0.8,0.4,1.2,3.0,13.6
185,Rui Hachimura,PF,24,TOT,63,9,1466,7.0,14.3,.486,1.3,3.9,.319,5.7,10.4,.550,2.2,2.9,.739,1.3,5.6,6.9,1.4,0.5,0.6,1.3,1.8,17.4
185,Rui Hachimura,PF,24,WAS,30,0,728,7.8,16.0,.488,1.5,4.4,.337,6.3,11.6,.545,2.2,2.9,.759,0.9,5.4,6.3,1.7,0.5,0.6,1.8,1.9,19.3
185,Rui Hachimura,PF,24,LAL,33,9,738,6.1,12.7,.485,1.0,3.5,.296,5.1,9.2,.556,2.1,3.0,.721,1.7,5.9,7.6,1.1,0.4,0.7,0.8,1.6,15.5
186,Tyrese Haliburton,PG,22,IND,56,56,1883,7.9,16.1,.490,3.1,7.7,.400,4.8,8.4,.572,3.3,3.8,.871,0.6,3.3,3.9,11.2,1.7,0.5,2.7,1.3,22.2
187,Jordan Hall,SF,21,SAS,9,0,83,3.9,12.1,.321,1.3,6.5,.200,2.6,5.6,.462,3.0,3.9,.778,1.3,3.9,5.2,4.8,0.4,0.0,3.0,2.6,12.1
188,R.J. Hampton,SG,21,TOT,47,3,750,4.9,11.4,.430,2.0,5.6,.353,2.9,5.8,.504,2.7,3.6,.750,0.9,3.3,4.2,2.6,1.3,0.4,2.0,2.4,14.5
188,R.J. Hampton,SG,21,ORL,26,0,361,5.0,11.4,.439,1.8,5.3,.340,3.2,6.1,.525,3.1,3.7,.838,0.9,3.0,3.9,3.4,1.6,0.4,2.1,2.2,14.9
188,R.J. Hampton,SG,21,DET,21,3,389,4.8,11.4,.423,2.1,5.8,.365,2.7,5.6,.483,2.4,3.6,.667,0.8,3.6,4.4,1.9,1.0,0.5,1.9,2.7,14.2
189,Tim Hardaway Jr.,SF,30,DAL,71,45,2152,5.7,14.2,.401,3.5,9.2,.385,2.1,5.0,.431,2.1,2.8,.770,0.4,3.8,4.2,2.2,0.8,0.2,1.0,2.0,17.0
190,James Harden,PG,33,PHI,58,58,2135,6.3,14.2,.441,2.7,7.0,.385,3.5,7.1,.495,5.3,6.1,.867,0.7,5.3,6.0,10.4,1.2,0.5,3.3,1.9,20.5
191,Jaden Hardy,SG,20,DAL,48,5,708,7.4,16.9,.438,3.2,7.9,.404,4.2,9.0,.469,3.3,4.0,.823,0.6,4.0,4.5,3.3,0.9,0.4,2.3,3.3,21.4
192,Ron Harper Jr.,PF,22,TOR,9,0,48,6.0,12.0,.500,2.3,6.8,.333,3.7,5.2,.714,0.7,0.7,1.000,2.3,3.0,5.2,3.0,0.0,0.7,0.0,2.3,15.0
193,Montrezl Harrell,C,29,PHI,57,7,681,6.6,11.0,.598,0.0,0.3,.000,6.6,10.7,.616,3.7,5.3,.693,3.5,4.9,8.4,1.7,0.9,1.3,1.9,4.0,16.9
194,Gary Harris,SG,28,ORL,48,42,1184,4.2,9.3,.450,2.9,6.6,.431,1.3,2.7,.494,0.8,0.9,.900,0.6,2.3,3.0,1.8,1.4,0.4,0.9,2.8,12.1
195,Joe Harris,SF,31,BRK,74,33,1527,4.7,10.4,.457,3.3,7.9,.426,1.4,2.5,.551,0.4,0.7,.643,0.5,3.3,3.9,2.4,0.8,0.3,1.0,3.3,13.2
196,Kevon Harris,SG,25,ORL,34,0,457,3.7,8.4,.439,1.3,3.4,.372,2.4,5.0,.484,2.4,3.2,.756,2.2,3.3,5.5,1.3,1.3,0.4,1.7,4.2,11.1
197,Tobias Harris,SF,30,PHI,74,74,2436,6.3,12.5,.501,1.9,4.8,.389,4.4,7.7,.570,1.7,1.9,.876,1.0,5.3,6.3,2.7,1.0,0.6,1.3,2.2,16.0
198,Shaquille Harrison,SG,29,POR,5,0,120,4.5,10.8,.417,0.9,3.0,.300,3.6,7.8,.462,3.3,4.5,.733,0.3,6.3,6.6,9.0,3.3,0.6,1.8,3.6,13.2
199,Josh Hart,SF,27,TOT,76,52,2454,4.0,7.6,.529,0.9,2.4,.372,3.1,5.2,.601,1.9,2.6,.750,2.1,6.6,8.7,4.3,1.3,0.3,1.7,2.9,10.9
199,Josh Hart,SF,27,POR,51,51,1704,3.9,7.7,.504,0.7,2.4,.304,3.1,5.3,.594,1.8,2.5,.731,2.0,6.8,8.8,4.2,1.1,0.2,1.7,2.8,10.3
199,Josh Hart,SF,27,NYK,25,1,750,4.4,7.5,.586,1.3,2.5,.519,3.1,5.0,.619,2.2,2.7,.789,2.3,6.2,8.4,4.3,1.6,0.6,1.8,3.0,12.3
200,Isaiah Hartenstein,C,24,NYK,82,8,1626,3.9,7.2,.535,0.2,0.8,.216,3.7,6.4,.576,1.1,1.6,.676,4.6,7.2,11.9,2.3,1.2,1.4,1.5,4.7,9.0
Rk,Player,Pos,Age,Tm,G,GS,MP,FG,FGA,FG%,3P,3PA,3P%,2P,2PA,2P%,FT,FTA,FT%,ORB,DRB,TRB,AST,STL,BLK,TOV,PF,PTS
201,Udonis Haslem,C,42,MIA,7,1,71,5.1,14.7,.345,1.5,4.6,.333,3.5,10.1,.350,2.0,2.5,.800,2.0,3.5,5.6,0.0,0.5,1.0,0.5,5.6,13.7
202,Sam Hauser,SF,25,BOS,80,8,1290,5.0,11.1,.455,3.9,9.3,.418,1.1,1.7,.656,0.3,0.5,.706,1.0,4.7,5.7,2.0,0.8,0.6,0.8,2.8,14.3
203,Jaxson Hayes,C,22,NOP,47,2,610,5.1,9.2,.551,0.2,1.7,.103,4.9,7.5,.654,3.4,4.9,.699,2.3,5.5,7.8,2.0,1.2,1.1,1.8,4.0,13.8
204,Killian Hayes,PG,21,DET,76,56,2154,5.1,13.6,.377,1.3,4.8,.280,3.8,8.8,.429,1.5,1.9,.821,0.5,3.2,3.7,7.9,1.7,0.5,2.9,3.7,13.1
205,Gordon Hayward,SF,32,CHO,50,50,1577,6.3,13.3,.475,1.2,3.7,.325,5.1,9.6,.532,2.9,3.6,.811,0.8,4.2,4.9,4.7,1.0,0.3,2.3,1.6,16.7
206,Juancho Hernangómez,PF,27,TOR,42,10,614,2.8,6.7,.421,1.0,3.9,.254,1.8,2.8,.660,0.5,0.9,.563,1.6,5.6,7.2,1.5,0.9,0.4,0.9,2.5,7.2
207,Willy Hernangómez,C,28,NOP,38,2,458,7.0,13.3,.527,0.2,0.9,.273,6.8,12.4,.544,6.4,8.2,.779,4.6,9.6,14.1,2.6,1.3,1.0,3.1,5.0,20.6
208,Tyler Herro,SG,23,MIA,67,67,2337,7.5,17.1,.439,3.1,8.3,.378,4.4,8.8,.497,2.6,2.8,.934,0.4,5.1,5.5,4.3,0.8,0.2,2.4,1.6,20.7
209,Buddy Hield,SF,30,IND,80,73,2482,6.9,15.1,.458,4.2,9.8,.425,2.7,5.2,.518,1.5,1.9,.822,1.0,4.8,5.8,3.3,1.3,0.4,2.0,2.3,19.5
210,Haywood Highsmith,PF,26,MIA,54,11,969,3.5,8.0,.431,1.4,4.0,.339,2.1,4.0,.523,0.5,1.0,.464,2.1,4.9,7.0,1.6,1.3,0.6,1.7,3.0,8.8
211,George Hill,PG-SG,36,TOT,46,1,834,3.4,7.2,.470,1.5,4.1,.358,1.9,3.1,.620,1.8,2.4,.764,0.6,3.0,3.7,4.7,1.1,0.3,1.5,2.4,10.0
211,George Hill,PG,36,MIL,35,0,668,3.2,7.1,.447,1.2,4.0,.311,1.9,3.1,.621,1.8,2.5,.739,0.7,2.9,3.6,4.8,1.0,0.2,1.5,2.2,9.4
211,George Hill,SG,36,IND,11,1,166,4.1,7.4,.559,2.4,4.6,.524,1.7,2.8,.615,1.7,2.0,.889,0.4,3.5,3.9,4.6,1.5,0.7,1.5,3.0,12.4
212,Malcolm Hill,SF,27,CHI,5,0,9,8.0,16.0,.500,4.0,12.0,.333,4.0,4.0,1.000,0.0,0.0,,0.0,12.0,12.0,0.0,0.0,0.0,0.0,4.0,20.0
213,Aaron Holiday,PG,26,ATL,63,6,845,3.9,9.4,.418,1.5,3.7,.409,2.4,5.6,.424,1.2,1.4,.844,1.1,2.1,3.2,3.8,1.6,0.5,1.5,3.4,10.5
214,Jrue Holiday,PG,32,MIL,67,65,2183,8.1,16.9,.479,2.6,6.8,.384,5.5,10.1,.542,2.5,2.9,.859,1.3,4.3,5.6,8.2,1.3,0.4,3.2,1.9,21.3
215,Justin Holiday,SF,33,TOT,46,2,706,3.9,10.4,.377,2.3,7.3,.322,1.6,3.1,.508,0.3,0.4,.625,0.3,2.5,2.8,2.1,1.0,1.0,1.1,3.5,10.5
215,Justin Holiday,SF,33,ATL,28,0,411,4.2,10.9,.384,2.6,7.6,.345,1.6,3.3,.474,0.0,0.0,,0.2,1.8,2.0,2.2,0.4,0.9,1.1,3.2,11.0
215,Justin Holiday,SF,33,DAL,18,2,295,3.5,9.6,.367,2.0,6.8,.286,1.6,2.8,.565,0.6,1.0,.625,0.4,3.5,3.9,2.0,1.7,1.1,1.2,3.8,9.6
216,Richaun Holmes,C,29,SAC,42,1,348,5.7,9.2,.618,0.5,0.8,.625,5.2,8.4,.617,1.6,2.0,.789,3.0,5.3,8.3,0.9,0.3,1.1,1.4,5.2,13.4
217,Al Horford,C,36,BOS,63,63,1922,4.3,9.0,.476,2.7,6.1,.446,1.6,2.9,.539,0.3,0.4,.714,1.4,5.9,7.3,3.5,0.6,1.1,0.7,2.3,11.5
218,Talen Horton-Tucker,SG,22,UTA,65,20,1313,7.0,16.8,.419,1.6,5.6,.286,5.5,11.2,.485,3.5,4.6,.750,1.1,4.6,5.8,6.7,1.1,0.8,3.5,3.0,19.1
219,Danuel House Jr.,SF,29,PHI,56,5,807,4.1,8.8,.472,1.7,4.9,.336,2.5,3.9,.644,2.0,2.7,.750,0.4,3.8,4.2,2.0,0.6,0.4,1.2,3.1,12.0
220,Caleb Houstan,SF,20,ORL,51,4,812,2.9,8.1,.363,2.0,6.0,.338,0.9,2.0,.435,0.7,0.8,.833,1.5,2.9,4.4,1.3,0.5,0.3,0.8,2.8,8.6
Rk,Player,Pos,Age,Tm,G,GS,MP,FG,FGA,FG%,3P,3PA,3P%,2P,2PA,2P%,FT,FTA,FT%,ORB,DRB,TRB,AST,STL,BLK,TOV,PF,PTS
221,Trevor Hudgins,PG,23,HOU,5,0,28,2.6,11.6,.222,2.6,10.3,.250,0.0,1.3,.000,3.9,3.9,1.000,0.0,0.0,0.0,3.9,0.0,0.0,1.3,1.3,11.6
222,Kevin Huerter,SG,24,SAC,75,75,2203,6.9,14.2,.485,3.3,8.3,.402,3.5,5.8,.604,1.6,2.1,.725,0.7,3.4,4.1,3.6,1.3,0.4,1.6,3.0,18.6
223,Jay Huff,C,24,WAS,7,0,95,5.7,9.5,.600,2.3,4.5,.500,3.4,4.9,.692,5.7,6.1,.938,2.3,5.7,8.0,3.8,1.1,1.5,1.9,5.7,19.3
224,De'Andre Hunter,SF,25,ATL,67,67,2126,6.4,13.9,.461,1.7,4.8,.350,4.7,9.1,.521,2.9,3.5,.826,0.8,4.0,4.8,1.6,0.6,0.3,1.4,3.4,17.4
225,Bones Hyland,PG,22,TOT,56,1,1085,7.6,18.9,.399,3.9,10.5,.371,3.7,8.5,.434,2.9,3.4,.843,0.7,3.8,4.5,5.7,1.3,0.5,2.7,3.2,21.9
225,Bones Hyland,PG,22,DEN,42,1,820,7.6,19.1,.399,4.0,10.6,.378,3.6,8.5,.425,3.1,3.6,.866,0.4,3.3,3.8,5.5,1.2,0.6,2.9,2.9,22.3
225,Bones Hyland,PG,22,LAC,14,0,265,7.5,18.6,.401,3.5,10.1,.351,3.9,8.6,.460,2.0,2.7,.750,1.4,5.3,6.7,6.4,1.5,0.3,2.0,4.1,20.5
226,Serge Ibaka,C,33,MIL,16,0,185,5.1,10.5,.481,1.2,3.5,.333,3.9,7.0,.556,1.6,2.5,.615,2.9,5.6,8.6,0.8,0.4,1.4,2.1,4.5,12.8
227,Andre Iguodala,PF,39,GSW,8,0,113,2.2,4.8,.467,0.3,2.9,.111,1.9,1.9,1.000,0.6,1.0,.667,1.0,4.5,5.4,6.1,1.3,1.0,2.9,3.5,5.4
228,Joe Ingles,SF,35,MIL,46,0,1044,3.7,8.6,.435,2.9,7.0,.409,0.9,1.6,.556,0.6,0.7,.857,0.4,4.0,4.4,5.2,1.1,0.2,1.9,2.6,10.9
229,Brandon Ingram,SF,25,NOP,45,45,1538,9.5,19.5,.484,1.5,3.8,.390,8.0,15.7,.507,5.6,6.4,.882,0.5,5.2,5.8,6.1,0.7,0.4,3.5,2.7,26.0
230,Kyrie Irving,PG-SG,30,TOT,60,60,2241,9.5,19.3,.494,3.0,8.0,.379,6.5,11.4,.574,4.0,4.4,.905,0.9,3.9,4.9,5.3,1.1,0.7,2.1,2.7,26.1
230,Kyrie Irving,PG,30,BRK,40,40,1478,9.7,19.9,.486,3.2,8.5,.374,6.5,11.5,.569,3.8,4.4,.883,0.9,4.0,5.0,5.1,1.0,0.8,2.2,2.7,26.4
230,Kyrie Irving,SG,30,DAL,20,20,763,9.2,18.1,.510,2.7,7.0,.392,6.5,11.1,.585,4.2,4.4,.947,1.0,3.7,4.7,5.7,1.2,0.6,1.7,2.6,25.4
231,Jonathan Isaac,PF,25,ORL,11,0,124,6.4,15.4,.415,1.7,4.4,.400,4.6,11.0,.421,1.5,2.6,.556,4.4,8.4,12.8,1.7,4.1,1.2,1.2,1.5,16.0
232,Jaden Ivey,SG,20,DET,74,73,2304,6.4,15.4,.416,1.9,5.5,.343,4.5,9.9,.457,4.2,5.6,.747,1.1,3.4,4.5,6.0,1.0,0.3,3.7,3.8,18.8
233,Frank Jackson,PG,24,UTA,1,0,5,0.0,21.6,.000,0.0,7.2,.000,0.0,14.4,.000,0.0,0.0,,7.2,7.2,14.4,7.2,0.0,0.0,0.0,0.0,0.0
234,Isaiah Jackson,C,21,IND,63,12,1042,6.2,11.0,.563,0.1,0.5,.143,6.1,10.5,.582,3.3,5.0,.651,3.9,5.8,9.7,1.8,1.1,3.2,1.8,5.3,15.7
235,Jaren Jackson Jr.,C,23,MEM,63,63,1787,8.4,16.6,.506,2.0,5.7,.355,6.4,10.9,.585,4.9,6.2,.788,2.2,6.4,8.6,1.2,1.3,3.8,2.2,4.6,23.6
236,Justin Jackson,SF,27,BOS,23,0,107,2.4,9.1,.259,1.7,6.7,.250,0.7,2.4,.286,0.3,0.7,.500,0.7,5.0,5.7,3.0,1.3,1.3,0.7,2.4,6.7
237,Quenton Jackson,PG,24,WAS,9,0,135,5.1,11.2,.452,0.3,3.2,.083,4.8,8.0,.600,4.5,5.9,.773,0.5,1.6,2.1,4.0,1.1,0.3,1.1,2.7,14.9
238,Reggie Jackson,PG,32,TOT,68,40,1657,5.7,13.9,.411,2.1,6.3,.333,3.6,7.6,.474,1.5,1.7,.910,0.5,2.6,3.1,5.1,1.0,0.1,2.5,2.5,15.1
238,Reggie Jackson,PG,32,LAC,52,38,1338,5.8,13.8,.418,2.1,5.9,.350,3.7,7.9,.469,1.6,1.8,.924,0.6,2.5,3.1,4.9,1.0,0.1,2.6,2.5,15.2
238,Reggie Jackson,PG,32,DEN,16,2,319,5.5,14.4,.383,2.1,7.7,.279,3.4,6.8,.500,1.1,1.4,.833,0.3,2.8,3.2,5.6,1.0,0.1,2.1,2.5,14.3
239,LeBron James,PF,38,LAL,55,54,1954,11.2,22.5,.500,2.2,6.9,.321,9.0,15.5,.580,4.6,6.0,.768,1.2,7.2,8.4,6.9,0.9,0.6,3.3,1.6,29.3
240,Ty Jerome,SG,25,GSW,45,2,816,5.2,10.7,.488,1.5,4.0,.389,3.7,6.7,.546,1.7,1.8,.927,0.3,3.1,3.4,6.0,1.0,0.2,1.3,2.8,13.6
Rk,Player,Pos,Age,Tm,G,GS,MP,FG,FGA,FG%,3P,3PA,3P%,2P,2PA,2P%,FT,FTA,FT%,ORB,DRB,TRB,AST,STL,BLK,TOV,PF,PTS
241,Isaiah Joe,SG,23,OKC,73,10,1395,5.8,13.1,.441,4.2,10.2,.409,1.6,2.9,.553,2.1,2.6,.820,0.7,3.8,4.5,2.3,1.2,0.2,1.0,2.7,17.8
242,Alize Johnson,PF,26,SAS,4,0,30,3.6,7.2,.500,0.0,2.4,.000,3.6,4.8,.750,1.2,2.4,.500,2.4,9.6,12.0,1.2,1.2,0.0,4.8,3.6,8.4
243,Cameron Johnson,PF,26,TOT,42,41,1199,6.7,14.2,.470,3.1,7.7,.404,3.6,6.6,.548,3.0,3.6,.842,1.0,4.5,5.6,2.3,1.5,0.4,1.1,2.5,19.5
243,Cameron Johnson,PF,26,PHO,17,16,429,6.9,14.5,.474,3.8,8.3,.455,3.1,6.2,.500,2.3,2.8,.818,1.2,4.3,5.5,2.2,1.3,0.5,0.8,2.4,19.8
243,Cameron Johnson,PF,26,BRK,25,25,770,6.6,14.1,.468,2.7,7.3,.372,3.9,6.8,.572,3.5,4.1,.851,0.9,4.7,5.6,2.4,1.6,0.4,1.3,2.5,19.4
244,Jalen Johnson,SF,21,ATL,70,6,1042,5.5,11.1,.491,1.0,3.6,.288,4.4,7.5,.587,1.7,2.7,.628,1.8,8.0,9.7,2.9,1.3,1.2,1.4,3.9,13.6
245,James Johnson,PF,35,IND,18,1,162,4.9,10.9,.449,0.7,3.3,.200,4.2,7.6,.559,0.9,1.8,.500,0.9,5.8,6.7,3.3,1.6,1.3,1.8,7.1,11.3
246,Keldon Johnson,SF,23,SAS,63,63,2063,8.8,19.4,.452,2.3,7.1,.329,6.4,12.3,.523,4.3,5.7,.749,1.0,4.6,5.5,3.2,0.8,0.2,2.3,2.2,24.2
247,Keon Johnson,SG,20,POR,40,0,416,5.8,15.4,.376,2.4,7.0,.346,3.4,8.4,.402,2.3,3.5,.659,1.0,2.9,3.8,5.1,1.6,0.5,3.7,3.7,16.4
248,Stanley Johnson,SF,26,SAS,30,0,469,5.0,9.4,.533,1.4,3.1,.450,3.6,6.3,.573,2.0,3.0,.667,1.7,5.6,7.3,5.1,1.2,0.5,2.5,3.7,13.4
249,Nikola Jokić,C,27,DEN,69,69,2323,10.0,15.8,.632,0.9,2.3,.383,9.1,13.5,.675,5.3,6.4,.822,2.6,10.1,12.7,10.5,1.3,0.7,3.8,2.7,26.2
250,Carlik Jones,PG,25,CHI,7,0,56,3.9,9.6,.400,1.9,3.9,.500,1.9,5.8,.333,3.2,5.1,.625,0.6,2.6,3.2,3.9,1.3,0.0,1.3,1.3,12.9
251,Damian Jones,C,27,TOT,41,1,477,4.2,6.5,.640,0.8,1.3,.588,3.4,5.2,.652,1.7,2.2,.759,3.2,6.0,9.2,1.1,0.6,1.6,1.7,4.2,10.7
251,Damian Jones,C,27,LAL,22,1,176,4.1,7.6,.541,0.0,0.6,.000,4.1,7.0,.588,3.1,4.1,.750,3.7,7.6,11.3,0.8,0.6,2.5,1.8,3.5,11.3
251,Damian Jones,C,27,UTA,19,0,301,4.2,5.9,.714,1.2,1.7,.714,3.0,4.2,.714,0.8,1.1,.778,2.9,5.1,8.0,1.3,0.6,1.1,1.7,4.5,10.4
252,Derrick Jones Jr.,PF,25,CHI,64,0,893,4.6,9.3,.500,1.1,3.2,.338,3.5,6.0,.587,2.5,3.4,.738,2.4,3.7,6.2,1.4,1.2,1.5,1.0,3.5,12.9
253,Herbert Jones,PF,24,NOP,66,66,1951,4.3,9.2,.469,1.0,3.1,.335,3.3,6.2,.536,2.3,3.0,.764,1.8,3.2,5.0,3.0,1.9,0.8,1.6,3.8,12.0
254,Kai Jones,C,22,CHO,46,0,550,4.4,7.9,.558,0.3,1.2,.211,4.1,6.6,.624,1.2,1.7,.731,2.4,5.6,8.1,1.0,1.1,2.0,2.0,4.3,10.3
255,Tre Jones,PG,23,SAS,68,65,1984,6.2,13.5,.459,0.8,2.9,.285,5.4,10.6,.506,2.7,3.1,.860,1.0,3.4,4.4,8.1,1.6,0.2,2.0,1.8,15.9
256,Tyus Jones,PG,26,MEM,80,22,1940,5.8,13.2,.438,2.2,6.0,.371,3.5,7.1,.495,1.5,1.9,.800,0.5,3.2,3.7,7.7,1.5,0.1,1.4,0.6,15.3
257,DeAndre Jordan,C,34,DEN,39,8,586,5.4,7.1,.765,0.1,0.1,1.000,5.3,7.0,.763,1.4,2.9,.458,3.2,9.2,12.4,2.1,0.7,1.4,2.9,4.4,12.2
258,Cory Joseph,PG,31,DET,62,2,1227,4.4,10.3,.427,2.1,5.3,.389,2.3,5.0,.468,1.7,2.1,.792,0.6,2.5,3.1,6.4,1.0,0.3,1.6,2.6,12.5
259,Nikola Jović,PF,19,MIA,15,8,204,4.9,12.2,.406,1.4,6.2,.229,3.5,6.0,.588,3.2,3.4,.947,1.6,3.9,5.5,1.8,1.2,0.4,1.8,3.4,14.5
260,Johnny Juzang,SG,21,UTA,18,0,232,5.4,16.1,.337,2.3,9.8,.238,3.1,6.4,.488,0.3,0.6,.500,1.2,4.8,6.1,1.2,0.6,0.5,0.5,2.0,13.5
Rk,Player,Pos,Age,Tm,G,GS,MP,FG,FGA,FG%,3P,3PA,3P%,2P,2PA,2P%,FT,FTA,FT%,ORB,DRB,TRB,AST,STL,BLK,TOV,PF,PTS
261,Mfiondu Kabengele,PF,25,BOS,4,0,36,2.0,7.0,.286,0.0,3.0,.000,2.0,4.0,.500,2.0,2.0,1.000,5.0,5.0,10.0,0.0,2.0,0.0,1.0,3.0,6.0
262,Frank Kaminsky,C,29,TOT,36,0,235,4.7,9.7,.492,2.0,5.1,.394,2.8,4.6,.600,2.1,2.5,.875,1.1,6.9,8.0,4.9,0.9,0.6,1.4,3.4,13.6
262,Frank Kaminsky,C,29,ATL,26,0,176,5.1,9.0,.568,2.3,4.7,.478,2.9,4.3,.667,2.0,2.5,.833,0.6,6.8,7.4,4.3,1.0,0.2,1.8,4.3,14.5
262,Frank Kaminsky,C,29,HOU,10,0,59,3.7,11.6,.316,1.2,6.1,.200,2.4,5.5,.444,2.4,2.4,1.000,2.4,7.3,9.8,6.7,0.6,1.8,0.0,0.6,11.0
263,Trevor Keels,SG,19,NYK,3,0,8,4.5,18.0,.250,4.5,18.0,.250,0.0,0.0,,0.0,0.0,,0.0,9.0,9.0,0.0,0.0,0.0,0.0,0.0,13.5
264,Luke Kennard,SG,26,TOT,59,14,1315,5.1,10.5,.492,3.6,7.4,.494,1.5,3.1,.487,1.0,1.1,.949,0.4,3.9,4.3,2.5,0.9,0.1,1.3,2.2,14.9
264,Luke Kennard,SG,26,LAC,35,11,725,4.9,10.5,.464,2.9,6.6,.447,1.9,3.9,.494,0.9,1.0,.950,0.3,3.8,4.1,1.8,0.9,0.2,1.5,2.3,13.6
264,Luke Kennard,SG,26,MEM,24,3,590,5.5,10.4,.526,4.5,8.4,.540,1.0,2.1,.471,1.1,1.2,.947,0.5,4.0,4.6,3.3,0.8,0.1,1.0,2.1,16.6
265,Walker Kessler,C,21,UTA,74,40,1703,6.3,8.8,.720,0.0,0.1,.333,6.3,8.7,.723,1.7,3.4,.516,4.9,8.2,13.1,1.5,0.5,3.7,1.2,3.6,14.4
266,Braxton Key,SF,25,DET,3,0,9,4.0,4.0,1.000,0.0,0.0,,4.0,4.0,1.000,8.0,8.0,1.000,0.0,4.0,4.0,0.0,0.0,0.0,0.0,0.0,16.0
267,Louis King,PF,23,PHI,1,0,29,9.9,16.1,.615,5.0,9.9,.500,5.0,6.2,.800,0.0,1.2,.000,2.5,2.5,5.0,2.5,1.2,0.0,2.5,5.0,24.8
268,Corey Kispert,SF,23,WAS,74,45,2093,5.0,10.1,.497,2.8,6.6,.424,2.2,3.5,.637,1.3,1.5,.852,0.6,3.0,3.6,1.5,0.6,0.2,0.9,1.7,14.1
269,Maxi Kleber,PF,31,DAL,37,5,930,3.0,6.5,.456,1.5,4.3,.348,1.5,2.2,.667,1.0,1.5,.711,1.2,4.1,5.2,2.0,0.5,1.2,1.0,3.3,8.5
270,Nathan Knight,C,25,MIN,38,0,291,5.7,10.0,.568,1.0,2.7,.364,4.7,7.3,.644,4.8,7.1,.684,2.7,4.2,6.9,1.6,1.2,0.7,2.6,5.1,17.2
271,Kevin Knox,SF-PF,23,TOT,63,5,952,5.7,12.6,.458,2.5,7.0,.349,3.3,5.5,.596,1.7,2.3,.767,1.3,5.4,6.7,1.2,0.9,0.5,1.9,3.6,15.7
271,Kevin Knox,SF,23,DET,42,1,593,5.1,10.9,.469,2.6,7.0,.371,2.5,3.8,.651,1.6,2.0,.788,1.2,5.3,6.6,0.9,0.8,0.7,1.9,4.5,14.4
271,Kevin Knox,PF,23,POR,21,4,359,6.8,15.3,.444,2.2,7.0,.314,4.6,8.3,.554,2.0,2.7,.741,1.4,5.5,6.9,1.8,1.0,0.0,1.8,2.1,17.8
272,Christian Koloko,C,22,TOR,58,19,802,3.2,6.7,.480,0.0,0.5,.083,3.2,6.2,.514,1.7,2.6,.627,3.8,3.9,7.7,1.4,0.9,2.6,0.9,5.7,8.2
273,John Konchar,SF,26,MEM,72,23,1494,3.3,7.7,.431,1.4,4.3,.339,1.9,3.4,.545,0.7,0.9,.778,1.5,5.9,7.5,2.4,1.9,0.6,0.9,2.7,8.8
274,Furkan Korkmaz,SG,25,PHI,37,0,353,4.9,11.3,.432,1.8,4.7,.391,3.1,6.6,.462,2.7,3.7,.722,0.6,3.7,4.3,2.2,1.0,0.3,2.4,1.8,14.3
275,Luke Kornet,C,27,BOS,69,0,804,5.1,7.6,.665,0.1,0.6,.231,4.9,7.0,.701,1.4,1.7,.821,3.9,5.0,8.8,2.4,0.5,2.1,1.1,3.6,11.7
276,Vit Krejci,PG,22,ATL,29,0,165,3.3,8.1,.405,1.1,4.6,.238,2.2,3.5,.625,0.2,0.4,.500,1.3,4.4,5.7,3.7,1.1,0.2,1.1,3.7,7.9
277,Jonathan Kuminga,PF,20,GSW,67,16,1394,6.7,12.8,.525,1.4,3.8,.370,5.3,9.1,.590,2.3,3.6,.652,1.8,4.2,6.0,3.2,1.1,0.8,2.5,4.1,17.2
278,Kyle Kuzma,PF,27,WAS,64,64,2239,8.2,18.4,.448,2.6,7.7,.333,5.7,10.6,.533,2.8,3.8,.730,0.9,6.6,7.4,3.8,0.6,0.5,3.1,2.3,21.8
279,Anthony Lamb,SF,25,GSW,62,4,1195,4.5,9.5,.471,2.2,6.0,.367,2.3,3.5,.652,1.4,1.8,.767,1.7,4.8,6.5,2.9,0.8,0.6,1.6,4.0,12.5
280,Jock Landale,C,27,PHO,69,4,979,6.5,12.4,.528,0.8,3.1,.250,5.8,9.3,.621,2.9,3.9,.752,4.4,5.9,10.3,2.5,0.6,1.1,2.2,4.6,16.8
Rk,Player,Pos,Age,Tm,G,GS,MP,FG,FGA,FG%,3P,3PA,3P%,2P,2PA,2P%,FT,FTA,FT%,ORB,DRB,TRB,AST,STL,BLK,TOV,PF,PTS
281,Romeo Langford,SG,23,SAS,43,21,844,5.2,11.0,.467,0.7,2.6,.262,4.5,8.4,.530,1.7,2.4,.696,2.4,2.4,4.9,2.1,1.0,0.6,1.3,2.9,12.7
282,Jake LaRavia,PF,21,MEM,35,0,414,3.2,8.3,.389,2.1,6.2,.338,1.1,2.1,.542,0.6,0.8,.778,1.7,3.8,5.5,1.8,1.0,0.3,1.6,4.3,9.1
283,Zach LaVine,SG,27,CHI,77,77,2768,8.8,18.1,.485,2.7,7.1,.375,6.1,11.0,.556,4.7,5.6,.848,0.5,3.9,4.5,4.3,0.9,0.2,2.5,2.1,24.9
284,A.J. Lawson,SG,22,TOT,15,0,108,7.3,14.7,.500,3.3,8.3,.400,4.0,6.3,.632,0.7,2.7,.250,2.0,5.0,7.0,0.7,0.7,0.0,1.0,3.7,18.7
284,A.J. Lawson,SG,22,MIN,1,0,2,18.0,18.0,1.000,0.0,0.0,,18.0,18.0,1.000,0.0,0.0,,0.0,18.0,18.0,0.0,0.0,0.0,0.0,18.0,36.0
284,A.J. Lawson,SG,22,DAL,14,0,106,7.1,14.6,.488,3.4,8.5,.400,3.7,6.1,.611,0.7,2.7,.250,2.0,4.8,6.8,0.7,0.7,0.0,1.0,3.4,18.3
285,Damion Lee,SG,30,PHO,74,5,1506,4.8,10.8,.442,2.6,5.9,.445,2.2,4.9,.439,2.2,2.5,.904,0.9,4.4,5.4,2.4,0.7,0.2,1.9,2.8,14.4
286,Saben Lee,PG,23,TOT,25,1,373,4.7,11.7,.405,1.1,2.9,.367,3.7,8.8,.418,4.1,5.5,.737,1.3,3.1,4.3,6.5,1.8,0.1,2.3,3.1,14.6
286,Saben Lee,PG,23,PHI,2,0,10,10.8,14.4,.750,0.0,3.6,.000,10.8,10.8,1.000,0.0,0.0,,0.0,0.0,0.0,7.2,3.6,0.0,10.8,3.6,21.6
286,Saben Lee,PG,23,PHO,23,1,363,4.6,11.6,.393,1.1,2.9,.379,3.5,8.7,.398,4.2,5.7,.737,1.3,3.2,4.5,6.4,1.8,0.1,2.1,3.1,14.4
287,Alex Len,C,29,SAC,26,2,161,3.6,6.7,.533,0.0,0.4,.000,3.6,6.3,.571,2.5,3.6,.688,5.4,8.0,13.4,2.7,0.9,2.5,3.6,6.3,9.6
288,Kawhi Leonard,SF,31,LAC,52,50,1748,9.2,17.9,.512,2.1,5.1,.416,7.0,12.8,.551,5.0,5.7,.871,1.2,5.8,7.0,4.2,1.5,0.6,1.8,1.7,25.5
289,Meyers Leonard,C,30,MIL,9,2,114,4.4,9.2,.483,2.2,5.7,.389,2.2,3.5,.636,2.5,2.8,.889,3.8,6.9,10.7,0.3,0.6,0.0,1.9,5.1,13.6
290,Caris LeVert,SG,28,CLE,74,30,2237,5.1,11.9,.431,2.0,5.2,.392,3.1,6.7,.462,2.1,2.9,.722,0.9,3.7,4.5,4.6,1.2,0.4,1.9,2.7,14.4
291,Kira Lewis Jr.,PG,21,NOP,25,0,235,6.1,13.5,.455,2.3,5.2,.441,3.8,8.3,.463,2.9,3.4,.864,0.8,4.3,5.1,3.5,1.5,0.3,1.5,3.7,17.5
292,Damian Lillard,PG,32,POR,58,58,2107,9.5,20.5,.463,4.2,11.2,.371,5.3,9.3,.574,8.7,9.5,.914,0.8,4.0,4.7,7.3,0.9,0.3,3.3,1.9,31.9
293,Nassir Little,SF,22,POR,54,4,976,4.9,11.2,.442,2.1,5.8,.367,2.8,5.3,.524,1.2,1.7,.717,1.0,4.2,5.2,1.8,0.7,0.7,1.3,2.4,13.2
294,Isaiah Livers,PF,24,DET,52,22,1199,3.6,8.6,.417,2.2,6.1,.365,1.4,2.6,.541,1.0,1.2,.821,0.8,3.5,4.3,1.2,0.8,0.8,0.9,3.1,10.4
295,Kenneth Lofton Jr.,PF,20,MEM,24,1,176,10.0,19.0,.527,1.2,3.5,.353,8.8,15.5,.566,3.3,5.5,.593,3.9,6.5,10.4,4.1,1.0,0.4,2.5,5.7,24.5
296,Kevon Looney,C,26,GSW,82,70,1958,4.4,7.1,.630,0.0,0.0,.000,4.4,7.0,.632,1.7,2.8,.606,5.0,8.9,14.0,3.8,1.0,0.9,0.8,4.1,10.6
297,Brook Lopez,C,34,MIL,78,78,2373,7.2,13.6,.531,2.1,5.5,.374,5.2,8.1,.637,2.3,2.9,.784,2.4,5.5,7.9,1.5,0.6,2.9,1.6,3.1,18.8
298,Robin Lopez,C,34,CLE,37,2,299,5.8,9.0,.640,0.2,0.5,.500,5.5,8.5,.648,1.7,2.2,.778,2.8,3.4,6.1,2.3,0.2,1.0,3.0,5.2,13.5
299,Kevin Love,PF,34,TOT,62,20,1240,4.8,12.3,.389,2.9,8.6,.334,1.9,3.7,.516,2.3,2.6,.879,1.7,9.9,11.6,3.4,0.5,0.3,2.0,2.8,14.8
299,Kevin Love,PF,34,CLE,41,3,821,4.9,12.5,.389,3.0,8.6,.354,1.8,3.9,.467,2.5,2.8,.889,1.8,10.4,12.3,3.3,0.3,0.3,2.1,2.9,15.2
299,Kevin Love,PF,34,MIA,21,17,419,4.6,11.9,.388,2.6,8.7,.297,2.1,3.3,.632,2.1,2.4,.857,1.5,8.8,10.2,3.4,0.8,0.4,2.0,2.7,13.9
300,Kyle Lowry,PG,36,MIA,55,44,1718,4.1,10.2,.404,2.2,6.5,.345,1.9,3.7,.509,2.4,2.8,.859,0.9,3.8,4.7,5.9,1.2,0.4,2.2,3.0,12.9
Rk,Player,Pos,Age,Tm,G,GS,MP,FG,FGA,FG%,3P,3PA,3P%,2P,2PA,2P%,FT,FTA,FT%,ORB,DRB,TRB,AST,STL,BLK,TOV,PF,PTS
301,Trey Lyles,PF,27,SAC,74,0,1247,5.4,11.8,.458,2.5,6.9,.363,2.9,4.9,.595,2.9,3.6,.815,2.0,6.7,8.7,1.9,0.8,0.9,1.8,2.8,16.2
302,Théo Maledon,PG,21,CHO,44,7,854,4.3,10.7,.402,1.2,4.0,.295,3.1,6.7,.465,2.7,3.1,.851,0.6,4.6,5.2,6.4,1.6,0.5,2.5,2.6,12.4
303,Sandro Mamukelashvili,C,23,TOT,43,7,660,5.3,12.5,.422,1.6,5.4,.303,3.7,7.1,.511,2.1,3.1,.684,3.8,6.3,10.1,3.4,0.8,0.7,1.9,2.8,14.3
303,Sandro Mamukelashvili,C,23,MIL,24,0,217,3.2,9.6,.328,1.2,5.3,.219,2.0,4.3,.462,2.0,3.0,.667,3.0,6.3,9.3,2.7,0.7,0.8,1.5,3.2,9.5
303,Sandro Mamukelashvili,C,23,SAS,19,7,443,6.3,14.0,.453,1.9,5.4,.343,4.5,8.5,.524,2.2,3.2,.692,4.2,6.3,10.5,3.7,0.8,0.6,2.1,2.7,16.7
304,Terance Mann,SG,26,LAC,81,36,1872,5.2,10.1,.519,1.5,3.8,.389,3.7,6.3,.598,1.8,2.3,.780,1.5,3.8,5.3,3.5,0.8,0.4,1.5,2.9,13.7
305,Tre Mann,PG,21,OKC,67,5,1183,6.0,15.2,.393,2.5,7.8,.315,3.5,7.4,.475,1.3,1.7,.764,0.8,3.9,4.7,3.7,1.2,0.3,1.9,3.0,15.7
306,Boban Marjanović,C,34,HOU,31,0,171,8.6,12.6,.683,0.0,0.2,.000,8.6,12.4,.695,4.2,5.7,.741,4.2,8.4,12.6,1.9,1.1,0.4,2.9,2.1,21.5
307,Lauri Markkanen,PF,25,UTA,66,66,2273,9.0,18.1,.499,3.2,8.1,.391,5.9,10.0,.585,5.5,6.3,.875,2.1,7.0,9.0,1.9,0.7,0.6,2.0,2.2,26.8
308,Naji Marshall,SF,25,NOP,77,21,1792,5.0,11.5,.433,1.3,4.4,.303,3.6,7.1,.513,2.8,3.5,.789,1.0,4.6,5.6,3.8,1.1,0.3,1.9,2.3,14.0
309,Caleb Martin,SF,27,MIA,71,49,2077,4.4,9.5,.464,1.5,4.1,.356,2.9,5.4,.545,1.6,2.0,.805,1.5,4.4,6.0,2.0,1.2,0.5,1.4,2.5,11.8
310,Cody Martin,SF,27,CHO,7,0,134,3.8,9.7,.389,0.8,3.8,.214,3.0,5.9,.500,1.1,1.9,.571,2.1,4.3,6.4,3.0,1.1,0.3,0.5,3.5,9.4
311,KJ Martin,SF,22,HOU,82,49,2292,6.4,11.3,.569,1.1,3.4,.315,5.4,7.9,.679,2.4,3.5,.680,2.0,5.1,7.1,1.9,0.6,0.5,1.4,2.3,16.3
312,Tyrese Martin,SG,23,ATL,16,0,66,4.9,12.5,.391,0.5,3.8,.143,4.4,8.7,.500,1.1,1.1,1.000,2.7,3.8,6.5,1.1,0.5,0.0,1.1,1.1,11.5
313,Garrison Mathews,SG,26,TOT,54,0,686,3.8,10.5,.363,3.3,9.4,.350,0.5,1.1,.476,2.5,2.8,.906,0.6,3.3,3.8,1.4,1.3,0.3,1.0,3.3,13.5
313,Garrison Mathews,SG,26,HOU,45,0,602,3.6,10.2,.353,3.2,9.3,.342,0.4,0.9,.467,2.5,2.7,.911,0.6,3.1,3.7,1.4,1.4,0.2,1.1,3.3,12.8
313,Garrison Mathews,SG,26,ATL,9,0,84,5.6,13.3,.419,4.3,10.7,.400,1.3,2.6,.500,3.0,3.4,.875,0.4,4.3,4.7,1.3,0.4,0.4,0.4,2.6,18.4
314,Bennedict Mathurin,SG,20,IND,78,17,2222,6.7,15.4,.434,1.6,5.0,.323,5.1,10.4,.488,6.1,7.4,.828,1.4,3.7,5.2,1.9,0.8,0.2,2.5,2.6,21.1
315,Wesley Matthews,SF,36,MIL,52,0,820,2.5,7.0,.363,1.7,5.4,.315,0.8,1.6,.528,1.1,1.2,.857,1.5,3.5,5.0,1.5,0.9,0.6,0.8,3.1,7.9
316,Tyrese Maxey,SG,22,PHI,60,41,2016,7.8,16.3,.481,2.9,6.6,.434,5.0,9.7,.513,3.2,3.8,.845,0.4,2.7,3.1,3.8,0.9,0.1,1.4,2.4,21.7
317,Skylar Mays,PG,25,POR,6,6,189,6.5,13.0,.500,2.3,5.0,.462,4.2,8.0,.524,2.3,2.5,.923,0.4,3.2,3.6,9.5,1.1,0.2,1.9,2.1,17.5
318,Miles McBride,PG,22,NYK,64,2,760,3.6,10.2,.358,1.9,6.3,.299,1.8,3.8,.457,1.3,2.0,.667,0.6,1.8,2.4,3.4,1.8,0.4,1.2,2.8,10.5
319,Mac McClung,SG,24,PHI,2,0,41,7.9,17.6,.450,3.5,9.7,.364,4.4,7.9,.556,2.6,4.4,.600,2.6,6.1,8.8,7.9,0.0,0.0,2.6,2.6,22.0
320,CJ McCollum,PG,31,NOP,75,75,2649,8.0,18.3,.437,2.9,7.4,.389,5.1,10.9,.469,2.5,3.2,.769,0.7,3.7,4.5,5.8,1.0,0.5,2.5,2.1,21.3
Rk,Player,Pos,Age,Tm,G,GS,MP,FG,FGA,FG%,3P,3PA,3P%,2P,2PA,2P%,FT,FTA,FT%,ORB,DRB,TRB,AST,STL,BLK,TOV,PF,PTS
321,T.J. McConnell,PG,30,IND,75,6,1526,6.7,12.3,.543,0.6,1.4,.441,6.1,10.9,.556,1.4,1.6,.853,1.1,4.5,5.5,9.4,1.9,0.2,3.4,2.5,15.3
322,Jaden McDaniels,SF,22,MIN,79,79,2416,5.5,10.7,.517,1.6,4.0,.398,3.9,6.7,.588,1.6,2.1,.736,1.4,3.2,4.6,2.2,1.1,1.1,1.7,4.1,14.2
323,Jalen McDaniels,SF,25,TOT,80,24,1913,5.3,11.6,.455,1.4,4.4,.332,3.8,7.2,.530,2.2,2.6,.841,1.2,5.3,6.5,2.4,1.6,0.6,1.8,3.9,14.2
323,Jalen McDaniels,SF,25,CHO,56,21,1494,5.3,11.9,.447,1.6,4.9,.322,3.8,7.0,.534,2.1,2.5,.846,1.1,5.4,6.5,2.7,1.6,0.7,1.9,3.8,14.3
323,Jalen McDaniels,SF,25,PHI,24,3,419,5.2,10.6,.488,1.0,2.6,.400,4.1,8.0,.516,2.4,2.9,.824,1.6,4.9,6.5,1.6,1.5,0.4,1.1,4.4,13.7
324,Doug McDermott,SF,31,SAS,64,0,1314,6.5,14.3,.457,3.4,8.2,.413,3.2,6.2,.516,1.5,1.9,.757,0.7,3.2,3.8,2.5,0.4,0.2,1.6,3.2,17.9
325,JaVale McGee,C,35,DAL,42,7,355,8.1,12.7,.640,0.2,0.5,.400,7.9,12.2,.650,2.4,4.2,.585,3.0,7.8,10.9,1.1,0.4,2.6,3.7,5.5,18.9
326,Bryce McGowens,SG,20,CHO,46,7,787,3.7,9.2,.396,1.2,3.7,.325,2.5,5.6,.443,2.7,3.7,.750,0.9,3.3,4.3,2.5,0.7,0.3,2.0,2.2,11.3
327,Rodney McGruder,SG,31,DET,32,12,524,4.3,10.4,.408,2.8,6.7,.423,1.4,3.8,.382,1.2,1.5,.818,1.4,3.7,5.1,1.9,1.1,0.1,0.8,2.7,12.6
328,Jordan McLaughlin,PG,26,MIN,43,0,678,3.2,7.7,.421,1.3,4.1,.308,2.0,3.6,.552,0.8,1.0,.833,0.8,2.5,3.3,7.9,1.7,0.2,1.8,1.5,8.5
329,De'Anthony Melton,SG,24,PHI,77,58,2150,4.6,10.9,.425,2.6,6.7,.390,2.0,4.2,.484,1.2,1.5,.793,1.2,4.1,5.2,3.3,2.1,0.7,1.7,3.2,13.1
330,Sam Merrill,SG,26,CLE,5,0,59,5.5,13.4,.409,3.1,11.0,.278,2.4,2.4,1.000,1.2,1.2,1.000,0.0,5.5,5.5,3.1,2.4,0.0,0.0,1.8,15.3
331,Chimezie Metu,PF,25,SAC,66,0,689,6.7,11.4,.589,0.5,2.0,.237,6.3,9.5,.663,2.8,3.8,.740,2.5,7.9,10.3,2.1,1.1,1.1,1.7,4.2,16.8
332,Khris Middleton,SF,31,MIL,33,19,801,8.0,18.2,.436,2.3,7.3,.315,5.7,11.0,.516,4.1,4.6,.902,1.3,5.0,6.3,7.3,1.0,0.2,3.2,3.1,22.3
333,Patty Mills,PG,34,BRK,40,2,567,5.5,13.3,.411,3.1,8.5,.366,2.3,4.8,.493,1.6,1.9,.833,0.5,2.3,2.8,3.6,1.0,0.2,1.9,2.0,15.6
334,Shake Milton,SG,26,PHI,76,11,1567,5.5,11.6,.479,1.3,3.4,.378,4.3,8.2,.521,2.3,2.7,.853,0.9,3.5,4.4,5.5,0.6,0.3,2.2,2.8,14.6
335,Justin Minaya,SF,23,POR,4,0,89,2.8,9.3,.304,1.2,4.9,.250,1.6,4.4,.364,0.0,0.4,.000,1.2,4.9,6.1,1.6,0.8,2.0,1.6,3.6,6.9
336,Josh Minott,SF,20,MIN,15,0,96,6.8,13.5,.500,0.7,2.3,.333,6.0,11.3,.533,3.0,3.0,1.000,1.9,7.5,9.4,1.9,1.5,2.3,1.1,3.7,17.2
337,Davion Mitchell,PG,24,SAC,80,9,1447,4.5,9.9,.454,1.6,4.9,.320,2.9,5.0,.584,0.6,0.8,.806,0.4,2.2,2.6,4.6,1.1,0.4,1.5,2.8,11.2
338,Donovan Mitchell,SG,26,CLE,68,68,2432,10.1,20.8,.484,3.6,9.4,.386,6.4,11.4,.566,4.7,5.4,.867,0.9,3.3,4.3,4.5,1.5,0.4,2.7,2.5,28.5
339,Evan Mobley,PF,21,CLE,79,79,2715,7.0,12.6,.554,0.3,1.4,.216,6.7,11.2,.595,2.7,4.0,.674,2.5,6.9,9.4,3.0,0.8,1.6,1.9,2.9,16.9
340,Isaiah Mobley,PF,23,CLE,12,0,84,5.1,12.0,.429,1.3,3.4,.375,3.9,8.6,.450,1.7,1.7,1.000,1.7,6.9,8.6,1.3,1.7,1.3,0.4,3.4,13.3
Rk,Player,Pos,Age,Tm,G,GS,MP,FG,FGA,FG%,3P,3PA,3P%,2P,2PA,2P%,FT,FTA,FT%,ORB,DRB,TRB,AST,STL,BLK,TOV,PF,PTS
341,Chima Moneke,SF,27,SAC,2,0,8,4.5,9.0,.500,0.0,0.0,,4.5,9.0,.500,0.0,9.0,.000,9.0,0.0,9.0,4.5,0.0,0.0,9.0,9.0,9.0
342,Malik Monk,SG,24,SAC,77,0,1719,7.5,16.7,.448,3.0,8.3,.359,4.5,8.3,.538,3.9,4.3,.889,0.7,3.6,4.3,6.2,1.0,0.4,3.1,2.6,21.8
343,Moses Moody,SG,20,GSW,63,3,817,4.8,10.0,.476,2.2,5.9,.363,2.6,4.1,.641,1.6,2.3,.698,1.2,3.4,4.6,2.2,0.8,0.3,1.5,2.4,13.3
344,Xavier Moon,SG,28,LAC,4,0,20,5.4,16.2,.333,1.8,5.4,.333,3.6,10.8,.333,0.0,0.0,,0.0,5.4,5.4,9.0,0.0,0.0,1.8,3.6,12.6
345,Wendell Moore Jr.,SG,21,MIN,29,2,153,4.2,10.1,.419,0.5,4.0,.118,3.8,6.1,.615,0.9,1.2,.800,0.9,3.3,4.2,4.2,1.9,1.2,1.9,3.1,9.9
346,Ja Morant,PG,23,MEM,61,59,1948,10.5,22.4,.466,1.7,5.5,.307,8.8,16.9,.519,6.9,9.2,.748,1.1,5.5,6.6,9.1,1.2,0.3,3.8,1.8,29.5
347,Marcus Morris,PF,33,LAC,65,65,1825,5.4,12.7,.426,2.2,6.1,.364,3.2,6.6,.484,1.3,1.7,.782,0.6,4.5,5.1,2.2,0.8,0.4,1.1,2.7,14.4
348,Markieff Morris,PF,33,TOT,35,2,355,4.8,11.7,.409,2.8,7.2,.394,1.9,4.5,.432,1.0,1.0,1.000,1.3,5.9,7.2,3.1,0.9,0.5,1.8,4.9,13.4
348,Markieff Morris,PF,33,BRK,27,1,285,4.2,10.4,.402,2.5,6.2,.408,1.6,4.2,.394,1.3,1.3,1.000,1.6,5.8,7.5,3.2,1.0,0.6,1.8,4.2,12.1
348,Markieff Morris,PF,33,DAL,8,1,70,7.2,17.0,.424,4.1,11.3,.364,3.1,5.7,.545,0.0,0.0,,0.0,6.2,6.2,3.1,0.5,0.0,2.1,7.7,18.5
349,Monte Morris,PG,27,WAS,62,61,1695,5.2,10.9,.480,1.7,4.3,.382,3.6,6.6,.543,1.4,1.6,.831,0.6,3.9,4.5,6.9,0.9,0.3,1.3,1.6,13.5
350,Trey Murphy III,SF,22,NOP,79,65,2448,5.7,11.8,.484,3.0,7.3,.406,2.7,4.5,.611,2.5,2.8,.905,0.9,3.3,4.1,1.6,1.3,0.6,0.9,2.3,16.9
351,Dejounte Murray,SG,26,ATL,74,74,2693,8.2,17.6,.464,1.8,5.2,.344,6.4,12.5,.514,2.1,2.5,.832,0.7,4.5,5.2,6.0,1.5,0.3,2.1,1.4,20.3
352,Jamal Murray,PG,25,DEN,65,65,2133,8.0,17.6,.454,2.9,7.3,.398,5.1,10.3,.494,3.0,3.6,.833,0.8,3.5,4.3,6.8,1.1,0.3,2.4,1.7,21.9
353,Keegan Murray,SF,22,SAC,80,78,2382,5.4,11.8,.453,3.1,7.6,.411,2.2,4.2,.527,0.9,1.2,.765,1.3,4.3,5.6,1.5,0.9,0.6,0.9,2.4,14.8
354,Mike Muscala,C,31,TOT,63,9,945,5.0,11.1,.449,3.1,7.9,.391,1.9,3.2,.588,1.5,2.0,.769,1.4,6.3,7.7,1.9,0.6,0.9,0.9,3.7,14.6
354,Mike Muscala,C,31,OKC,43,5,622,5.2,11.7,.438,3.2,8.2,.394,1.9,3.5,.541,1.8,2.3,.795,1.3,6.5,7.8,2.2,0.6,1.1,0.8,4.1,15.3
354,Mike Muscala,C,31,BOS,20,4,323,4.7,9.9,.472,2.8,7.2,.385,1.9,2.7,.708,1.0,1.4,.692,1.6,6.0,7.6,1.3,0.4,0.6,1.0,3.1,13.2
355,Svi Mykhailiuk,SF,25,TOT,32,8,468,5.9,13.3,.445,3.2,7.6,.424,2.7,5.7,.473,2.0,3.0,.667,1.2,2.9,4.1,4.1,1.2,0.3,1.8,1.8,17.1
355,Svi Mykhailiuk,SF,25,NYK,13,0,40,5.4,10.8,.500,5.4,9.0,.600,0.0,1.8,.000,2.7,4.5,.600,0.0,6.3,6.3,0.9,0.9,0.0,1.8,0.9,18.9
355,Svi Mykhailiuk,SF,25,CHO,19,8,428,6.0,13.5,.441,3.0,7.5,.404,2.9,6.1,.486,1.9,2.9,.676,1.3,2.6,3.9,4.4,1.2,0.3,1.9,1.9,16.9
356,Larry Nance Jr.,C,30,NOP,65,1,1381,4.8,8.0,.610,0.4,1.1,.333,4.5,6.9,.654,1.4,2.1,.696,2.8,6.5,9.2,3.1,1.5,1.0,1.1,3.5,11.5
357,Andrew Nembhard,SG,23,IND,75,63,2073,4.9,11.2,.441,1.6,4.6,.350,3.3,6.6,.504,0.9,1.1,.790,0.6,2.8,3.5,5.9,1.2,0.2,2.2,3.1,12.3
358,Aaron Nesmith,SF,23,IND,73,60,1816,5.0,11.7,.427,2.3,6.2,.366,2.7,5.5,.496,2.4,2.8,.838,1.2,4.3,5.5,1.9,1.1,0.7,1.5,4.7,14.6
359,Raul Neto,PG,30,CLE,48,1,505,4.1,7.8,.518,0.9,3.0,.286,3.2,4.8,.662,2.2,2.4,.912,0.7,2.6,3.3,5.6,1.2,0.3,1.7,3.5,11.2
360,Georges Niang,PF,29,PHI,78,1,1512,5.3,12.0,.442,3.7,9.1,.401,1.6,2.8,.576,0.9,1.1,.867,0.5,4.0,4.4,1.8,0.7,0.3,1.3,3.5,15.2
Rk,Player,Pos,Age,Tm,G,GS,MP,FG,FGA,FG%,3P,3PA,3P%,2P,2PA,2P%,FT,FTA,FT%,ORB,DRB,TRB,AST,STL,BLK,TOV,PF,PTS
361,Daishen Nix,PG,20,HOU,57,7,914,3.2,9.3,.342,1.6,5.5,.286,1.6,3.8,.423,0.9,1.4,.667,0.7,3.2,3.9,5.2,1.2,0.3,3.4,2.3,8.9
362,Zeke Nnaji,PF,22,DEN,53,5,728,5.4,9.7,.561,0.8,3.2,.262,4.6,6.5,.710,2.0,3.1,.645,3.2,3.6,6.8,0.9,0.8,1.1,1.5,5.2,13.7
363,Nerlens Noel,C,28,TOT,17,4,195,2.4,6.6,.361,0.2,0.4,.500,2.2,6.3,.353,1.5,2.2,.667,1.8,6.6,8.5,1.8,3.0,1.8,2.4,5.9,6.5
363,Nerlens Noel,C,28,DET,14,3,152,2.8,7.1,.400,0.2,0.5,.500,2.6,6.6,.393,1.7,2.4,.700,1.7,7.1,8.8,1.7,3.1,2.1,1.9,5.9,7.6
363,Nerlens Noel,C,28,BRK,3,1,43,0.8,5.0,.167,0.0,0.0,,0.8,5.0,.167,0.8,1.7,.500,2.5,5.0,7.5,2.5,2.5,0.8,4.2,5.9,2.5
364,Jaylen Nowell,SG,23,MIN,65,2,1252,8.1,18.0,.448,1.9,6.7,.289,6.1,11.3,.542,2.2,2.8,.778,1.0,3.9,4.9,3.8,1.2,0.1,1.9,2.9,20.2
365,Frank Ntilikina,SG,24,DAL,47,5,607,2.8,7.8,.364,1.0,4.0,.254,1.8,3.9,.477,1.3,2.0,.667,0.4,3.3,3.7,3.4,0.9,0.4,1.7,3.9,8.0
366,Kendrick Nunn,SG,27,TOT,70,2,964,7.1,16.8,.424,3.0,8.3,.354,4.2,8.5,.493,1.3,1.5,.854,0.6,3.5,4.1,3.4,1.0,0.3,2.5,2.5,18.5
366,Kendrick Nunn,SG,27,LAL,39,2,528,7.0,17.1,.406,2.8,8.6,.325,4.2,8.5,.488,1.2,1.4,.810,0.3,3.4,3.7,2.3,0.7,0.2,2.1,2.4,17.9
366,Kendrick Nunn,SG,27,WAS,31,0,436,7.3,16.4,.447,3.1,8.0,.392,4.2,8.4,.500,1.5,1.7,.900,0.8,3.6,4.5,4.6,1.4,0.3,2.9,2.6,19.3
367,Jusuf Nurkić,C,28,POR,52,52,1391,6.8,13.1,.519,1.1,3.1,.361,5.7,10.0,.567,3.3,5.0,.661,3.0,9.2,12.2,3.9,1.1,1.1,3.1,4.8,18.0
368,Jordan Nwora,SF,24,TOT,62,14,1188,5.9,13.5,.436,2.6,6.4,.408,3.3,7.1,.462,2.1,2.6,.791,1.5,5.4,6.9,2.7,0.7,0.4,2.0,2.2,16.4
368,Jordan Nwora,SF,24,MIL,38,3,597,4.6,11.9,.386,2.4,6.2,.392,2.2,5.7,.379,2.2,2.6,.860,1.7,5.3,7.1,2.3,0.7,0.4,2.1,2.1,13.8
368,Jordan Nwora,SF,24,IND,24,11,591,7.2,15.1,.476,2.8,6.6,.422,4.4,8.5,.518,1.9,2.6,.721,1.3,5.5,6.8,3.0,0.7,0.4,1.9,2.4,19.1
369,Royce O'Neale,SF,29,BRK,76,53,2409,3.4,8.9,.386,2.4,6.3,.389,1.0,2.6,.379,0.7,1.0,.725,0.8,4.9,5.7,4.2,1.0,0.7,1.7,3.6,10.0
370,Chuma Okeke,SF,24,ORL,27,8,518,3.0,8.5,.352,1.8,6.0,.302,1.2,2.5,.472,1.1,1.5,.762,1.8,4.9,6.7,2.6,1.3,0.8,1.2,2.8,8.9
371,Josh Okogie,SG,24,PHO,72,26,1350,4.3,11.0,.391,1.8,5.3,.335,2.6,5.8,.442,3.7,5.1,.724,2.9,3.8,6.7,2.8,1.5,0.9,1.7,3.0,14.1
372,Onyeka Okongwu,C,22,ATL,80,18,1849,6.2,9.7,.638,0.1,0.3,.308,6.1,9.4,.647,3.0,3.8,.781,4.2,7.0,11.2,1.6,1.1,2.1,1.6,4.9,15.4
373,Isaac Okoro,SF,22,CLE,76,46,1652,3.8,7.7,.494,1.4,3.7,.363,2.5,4.0,.617,1.7,2.2,.757,1.1,2.9,4.1,1.9,1.2,0.7,0.9,3.4,10.7
374,KZ Okpala,PF,23,SAC,35,3,248,2.3,5.5,.421,1.0,3.0,.333,1.3,2.5,.529,1.0,1.2,.875,1.0,3.9,4.9,1.9,1.0,1.0,1.0,5.7,6.7
375,Victor Oladipo,SG,30,MIA,42,2,1106,5.2,13.1,.397,2.3,6.9,.330,2.9,6.2,.471,1.9,2.6,.747,0.5,3.6,4.2,4.8,1.9,0.4,2.8,3.2,14.6
376,Kelly Olynyk,C,31,UTA,68,68,1942,5.2,10.3,.499,1.7,4.4,.394,3.4,6.0,.576,3.7,4.3,.853,1.5,6.3,7.8,4.7,1.1,0.7,3.1,4.3,15.7
377,Eugene Omoruyi,SF,25,TOT,40,6,645,5.6,12.7,.443,1.4,5.0,.281,4.2,7.8,.547,2.8,4.2,.680,2.4,3.8,6.2,1.6,1.6,0.2,1.9,5.1,15.5
377,Eugene Omoruyi,SF,25,OKC,23,2,272,5.8,12.4,.468,1.1,4.1,.258,4.8,8.3,.571,2.3,3.7,.607,2.9,4.0,6.9,1.5,1.9,0.0,2.1,6.1,15.0
377,Eugene Omoruyi,SF,25,DET,17,4,373,5.5,12.9,.425,1.6,5.6,.293,3.9,7.3,.526,3.3,4.5,.723,2.0,3.7,5.7,1.6,1.4,0.3,1.7,4.3,15.9
378,Cedi Osman,SF,27,CLE,77,2,1548,5.6,12.3,.451,2.7,7.3,.372,2.9,5.1,.564,1.7,2.5,.694,0.6,3.5,4.1,2.7,0.8,0.3,1.2,2.8,15.6
379,Kelly Oubre Jr.,SF,27,CHO,48,40,1548,8.2,19.0,.431,2.5,7.9,.319,5.7,11.2,.510,3.7,4.8,.760,1.5,4.3,5.8,1.3,1.6,0.4,1.5,3.3,22.6
380,Chris Paul,PG,37,PHO,59,59,1889,5.6,12.7,.440,1.9,5.0,.375,3.7,7.8,.482,2.5,3.0,.831,0.5,4.3,4.8,10.0,1.7,0.4,2.2,2.4,15.6
Rk,Player,Pos,Age,Tm,G,GS,MP,FG,FGA,FG%,3P,3PA,3P%,2P,2PA,2P%,FT,FTA,FT%,ORB,DRB,TRB,AST,STL,BLK,TOV,PF,PTS
381,Cameron Payne,PG,28,PHO,48,15,968,7.0,16.8,.415,2.5,6.9,.368,4.5,10.0,.448,1.8,2.4,.766,0.4,3.5,3.9,8.0,1.2,0.3,3.0,3.3,18.3
382,Gary Payton II,SG,30,TOT,22,1,367,4.0,6.8,.594,1.3,2.6,.500,2.7,4.2,.651,0.6,0.7,.857,2.4,4.4,6.8,2.9,2.2,0.5,1.6,4.2,9.9
382,Gary Payton II,SG,30,POR,15,1,255,3.4,5.8,.585,1.3,2.4,.529,2.1,3.4,.625,0.6,0.6,1.000,1.4,4.1,5.5,3.1,2.3,0.1,1.7,4.1,8.6
382,Gary Payton II,SG,30,GSW,7,0,112,5.5,9.0,.607,1.3,2.9,.444,4.2,6.1,.684,0.6,1.0,.667,4.5,5.1,9.6,2.6,1.9,1.3,1.3,4.5,12.9
383,Theo Pinson,SG,27,DAL,40,1,323,3.5,9.7,.356,2.5,6.9,.355,1.0,2.8,.360,1.2,1.4,.846,1.1,5.9,7.0,5.1,0.7,0.1,1.3,3.8,10.6
384,Scotty Pippen Jr.,PG,22,LAL,6,0,32,4.5,13.5,.333,1.1,3.4,.333,3.4,10.1,.333,5.6,10.1,.556,2.3,2.3,4.5,2.3,2.3,1.1,2.3,3.4,15.8
385,Mason Plumlee,C,32,TOT,79,60,2054,5.8,8.5,.680,0.0,0.0,,5.8,8.5,.680,3.5,5.5,.636,4.0,8.3,12.3,4.3,0.8,0.8,2.1,3.8,15.0
385,Mason Plumlee,C,32,CHO,56,56,1597,6.0,8.9,.669,0.0,0.0,,6.0,8.9,.669,3.5,5.8,.605,4.2,8.0,12.2,4.6,0.8,0.8,2.0,3.6,15.4
385,Mason Plumlee,C,32,LAC,23,4,457,5.0,6.9,.727,0.0,0.0,,5.0,6.9,.727,3.5,4.5,.772,3.3,9.2,12.5,3.2,0.9,0.9,2.4,4.4,13.5
386,Jakob Poeltl,C,27,TOT,72,71,1906,7.3,11.7,.629,0.0,0.0,.000,7.3,11.7,.630,2.2,3.8,.592,4.5,7.9,12.3,3.7,1.2,1.6,2.4,3.7,16.9
386,Jakob Poeltl,C,27,SAS,46,46,1199,7.2,11.6,.616,0.0,0.0,.000,7.2,11.6,.618,2.3,3.9,.605,4.6,7.9,12.5,4.2,1.1,1.6,2.9,3.5,16.7
386,Jakob Poeltl,C,27,TOR,26,25,707,7.6,11.7,.652,0.0,0.0,,7.6,11.7,.652,2.1,3.7,.569,4.3,7.8,12.1,2.9,1.5,1.7,1.5,3.9,17.4
387,Aleksej Pokusevski,PF,21,OKC,34,25,701,5.5,12.8,.434,2.0,5.3,.365,3.6,7.4,.483,1.1,1.8,.629,2.3,5.9,8.2,3.3,1.0,2.2,2.2,3.0,14.2
388,Jordan Poole,PG,23,GSW,82,43,2458,8.1,18.7,.430,3.1,9.3,.336,4.9,9.4,.524,5.3,6.1,.870,0.5,2.8,3.3,5.4,0.9,0.3,3.7,3.1,24.5
389,Kevin Porter Jr.,PG,22,HOU,59,59,2024,7.0,15.7,.442,2.5,6.8,.366,4.4,8.9,.501,3.7,4.7,.784,1.4,4.2,5.6,6.0,1.5,0.3,3.3,2.8,20.1
390,Michael Porter Jr.,SF,24,DEN,62,62,1798,8.0,16.4,.487,3.8,9.1,.414,4.2,7.3,.579,1.9,2.4,.800,1.3,5.5,6.8,1.3,0.7,0.6,1.4,2.4,21.6
391,Otto Porter Jr.,SF,29,TOR,8,2,146,3.7,7.4,.500,1.5,4.2,.353,2.2,3.2,.692,2.0,2.0,1.000,1.5,3.2,4.7,2.0,2.7,0.0,1.0,1.7,10.8
392,Bobby Portis,PF,27,MIL,70,22,1818,7.9,15.9,.496,1.9,5.1,.370,6.0,10.8,.555,1.9,2.5,.768,3.0,10.3,13.3,2.1,0.6,0.3,1.6,2.3,19.5
393,Kristaps Porziņģis,C,27,WAS,65,65,2120,8.6,17.3,.498,2.3,6.0,.385,6.3,11.2,.559,6.0,7.1,.851,1.9,7.3,9.3,3.0,1.0,1.7,2.3,3.3,25.6
394,Micah Potter,PF,24,UTA,7,0,52,6.9,10.4,.667,2.8,4.8,.571,4.2,5.5,.750,0.0,0.0,,2.1,9.0,11.1,2.8,0.7,0.0,1.4,3.5,16.6
395,Dwight Powell,C,31,DAL,76,64,1458,4.9,6.6,.732,0.0,0.1,.000,4.9,6.5,.746,2.8,4.1,.667,3.7,4.1,7.8,1.7,1.2,0.6,1.6,5.2,12.5
396,Norman Powell,SG,29,LAC,60,8,1567,7.8,16.3,.479,2.6,6.6,.397,5.2,9.7,.534,5.2,6.4,.812,0.6,3.5,4.0,2.5,1.1,0.4,2.3,2.9,23.4
397,Jason Preston,PG,23,LAC,14,0,124,5.2,11.9,.439,1.5,5.2,.278,3.8,6.7,.565,0.0,0.6,.000,0.6,5.8,6.4,7.8,0.6,0.0,2.9,2.0,11.9
398,Joshua Primo,SG,20,SAS,4,0,93,3.5,10.1,.346,1.2,4.6,.250,2.3,5.4,.429,2.7,3.5,.778,0.8,4.3,5.0,7.0,0.4,0.8,4.3,3.1,10.8
399,Taurean Prince,PF,28,MIN,54,4,1192,5.3,11.4,.467,2.2,5.9,.381,3.1,5.6,.557,2.0,2.3,.844,0.5,3.5,4.0,2.5,0.8,0.5,2.1,3.7,14.9
400,Payton Pritchard,PG,25,BOS,48,3,643,5.7,13.7,.412,3.1,8.6,.364,2.5,5.1,.495,0.7,0.9,.750,1.4,3.5,4.9,3.6,0.8,0.1,2.2,2.1,15.1
Rk,Player,Pos,Age,Tm,G,GS,MP,FG,FGA,FG%,3P,3PA,3P%,2P,2PA,2P%,FT,FTA,FT%,ORB,DRB,TRB,AST,STL,BLK,TOV,PF,PTS
401,Trevelin Queen,SG,25,IND,7,0,70,3.6,14.9,.241,1.0,7.7,.133,2.6,7.2,.357,2.6,2.6,1.000,4.1,4.6,8.7,3.1,1.0,2.6,3.6,2.1,10.8
402,Neemias Queta,C,23,SAC,5,0,29,7.4,11.2,.667,0.0,0.0,,7.4,11.2,.667,0.0,2.5,.000,6.2,7.4,13.7,1.2,0.0,2.5,1.2,8.7,14.9
403,Immanuel Quickley,SG,23,NYK,81,21,2344,6.4,14.4,.448,2.6,7.0,.370,3.9,7.4,.521,3.1,3.8,.819,0.9,4.3,5.2,4.3,1.2,0.2,1.5,2.5,18.6
404,Lester Quinones,SG,22,GSW,4,0,18,4.0,10.0,.400,4.0,8.0,.500,0.0,2.0,.000,8.0,12.0,.667,2.0,4.0,6.0,4.0,2.0,0.0,10.0,0.0,20.0
405,Julius Randle,PF,28,NYK,77,77,2737,8.7,18.8,.459,2.9,8.4,.343,5.8,10.5,.553,5.3,7.0,.757,1.9,8.2,10.1,4.2,0.6,0.3,2.8,3.1,25.5
406,Austin Reaves,SG,24,LAL,64,22,1843,5.1,9.6,.529,1.7,4.2,.398,3.4,5.4,.631,4.5,5.2,.864,0.6,3.1,3.8,4.2,0.6,0.4,1.9,2.1,16.3
407,Cam Reddish,SF,23,TOT,40,20,990,5.1,11.3,.446,1.6,5.2,.313,3.4,6.1,.560,2.3,2.7,.853,0.7,2.5,3.2,2.1,1.4,0.5,1.7,2.6,14.1
407,Cam Reddish,SF,23,NYK,20,8,438,5.0,11.2,.449,1.4,4.6,.304,3.6,6.6,.550,2.4,2.7,.879,0.6,2.0,2.5,1.6,1.2,0.7,1.2,2.6,13.8
407,Cam Reddish,SF,23,POR,20,12,552,5.1,11.5,.443,1.8,5.7,.318,3.3,5.7,.568,2.3,2.7,.833,0.7,3.0,3.7,2.4,1.6,0.4,2.1,2.6,14.3
408,Davon Reed,SG,27,TOT,43,1,342,2.9,8.8,.333,1.8,4.8,.370,1.2,4.0,.289,1.7,2.5,.667,1.1,5.2,6.2,2.4,1.6,0.4,2.1,4.1,9.4
408,Davon Reed,SG,27,DEN,35,1,315,2.9,9.1,.313,1.8,5.0,.364,1.0,4.1,.250,1.7,2.3,.750,1.0,5.3,6.3,2.2,1.5,0.5,2.3,4.1,9.3
408,Davon Reed,SG,27,LAL,8,0,27,4.0,5.3,.750,1.3,2.7,.500,2.7,2.7,1.000,1.3,5.3,.250,1.3,4.0,5.3,5.3,2.7,0.0,0.0,4.0,10.7
409,Paul Reed,C,23,PHI,69,2,755,5.9,10.0,.593,0.0,0.3,.167,5.9,9.7,.606,1.8,2.4,.745,5.3,7.2,12.5,1.3,2.2,2.4,2.1,5.9,13.7
410,Naz Reid,C,23,MIN,68,11,1251,8.9,16.6,.537,2.2,6.2,.346,6.8,10.4,.653,2.5,3.7,.677,2.1,7.5,9.6,2.2,1.2,1.5,2.6,5.1,22.5
411,Jared Rhoden,SG,23,DET,14,0,198,3.1,8.0,.386,0.9,3.6,.250,2.2,4.4,.500,1.1,1.1,1.000,2.0,4.7,6.7,0.7,0.7,0.2,0.5,4.2,8.2
412,Nick Richards,C,25,CHO,65,9,1217,5.8,9.3,.629,0.0,0.0,1.000,5.8,9.2,.628,4.1,5.4,.749,4.3,8.0,12.3,1.1,0.3,2.1,1.7,4.6,15.7
413,Josh Richardson,SG,29,TOT,65,10,1530,5.6,13.0,.431,2.5,6.9,.365,3.1,6.1,.506,1.6,1.9,.852,1.0,3.2,4.1,4.1,1.6,0.5,2.0,2.8,15.4
413,Josh Richardson,SG,29,SAS,42,6,997,6.4,14.7,.436,2.7,7.5,.357,3.7,7.2,.518,1.9,2.2,.883,1.1,3.2,4.3,4.9,1.4,0.4,2.3,2.5,17.4
413,Josh Richardson,SG,29,NOP,23,4,533,4.2,10.0,.419,2.2,5.8,.384,2.0,4.2,.468,1.1,1.4,.762,0.7,3.0,3.8,2.5,2.0,0.6,1.6,3.2,11.7
414,Austin Rivers,SG,30,MIN,52,10,1016,3.2,7.4,.435,1.5,4.4,.350,1.7,3.0,.558,1.1,1.4,.769,0.2,2.8,2.9,2.7,1.0,0.1,0.8,2.8,9.0
415,Duncan Robinson,SF,28,MIA,42,1,691,4.6,12.3,.371,3.3,10.0,.328,1.3,2.3,.556,1.5,1.7,.906,0.4,3.2,3.6,2.4,0.7,0.0,1.5,4.0,14.0
416,Mitchell Robinson,C,24,NYK,59,58,1591,4.3,6.3,.671,0.0,0.0,,4.3,6.3,.671,1.3,2.8,.484,6.0,6.5,12.6,1.2,1.3,2.5,0.9,3.6,9.8
417,Orlando Robinson,C,22,MIA,31,1,425,4.0,7.5,.528,0.0,0.5,.000,4.0,7.0,.566,1.9,2.6,.710,4.1,6.6,10.7,2.1,1.0,1.0,1.4,4.5,9.8
418,Jeremiah Robinson-Earl,PF,22,OKC,43,20,814,4.9,11.0,.444,1.6,4.9,.333,3.2,6.1,.533,1.5,1.9,.833,3.1,4.8,8.0,1.9,1.1,0.5,0.8,3.1,12.9
419,Isaiah Roby,PF,24,SAS,42,2,474,5.1,11.8,.432,1.4,4.6,.300,3.7,7.2,.516,1.5,3.1,.488,1.6,6.5,8.1,2.9,1.4,0.5,2.4,4.0,13.1
420,David Roddy,PF,21,MEM,70,4,1258,5.2,12.0,.429,1.9,6.1,.307,3.3,6.0,.553,1.2,1.9,.631,1.4,4.1,5.5,1.7,0.8,0.5,1.6,3.1,13.3
Rk,Player,Pos,Age,Tm,G,GS,MP,FG,FGA,FG%,3P,3PA,3P%,2P,2PA,2P%,FT,FTA,FT%,ORB,DRB,TRB,AST,STL,BLK,TOV,PF,PTS
421,Ryan Rollins,PG,20,GSW,12,0,62,4.1,11.6,.350,1.7,5.2,.333,2.3,6.4,.364,3.5,3.5,1.000,1.7,5.2,7.0,3.5,0.6,0.6,9.3,5.8,13.4
422,Derrick Rose,PG,34,NYK,27,0,338,6.5,16.9,.384,2.0,6.7,.302,4.5,10.2,.438,1.2,1.3,.917,0.9,3.4,4.3,4.9,0.7,0.5,2.3,1.9,16.2
423,Terrence Ross,SG,31,TOT,63,9,1330,5.4,12.6,.430,2.6,7.0,.368,2.8,5.6,.507,0.7,0.9,.794,0.6,3.6,4.2,2.6,0.9,0.3,1.2,2.6,14.1
423,Terrence Ross,SG,31,ORL,42,9,944,4.9,11.4,.431,2.3,6.1,.381,2.6,5.3,.489,0.6,0.8,.750,0.4,2.9,3.2,2.1,1.0,0.3,1.4,2.0,12.7
423,Terrence Ross,SG,31,PHO,21,0,386,6.6,15.5,.428,3.2,9.1,.347,3.5,6.3,.544,1.1,1.3,.857,1.1,5.3,6.4,3.8,0.9,0.2,0.6,4.1,17.5
424,Terry Rozier,SG,28,CHO,63,63,2221,8.0,19.3,.415,2.7,8.2,.327,5.3,11.1,.480,2.9,3.6,.809,0.8,3.4,4.2,5.2,1.2,0.3,2.2,1.9,21.5
425,Ricky Rubio,PG,32,CLE,33,2,566,3.9,11.3,.343,1.3,5.2,.256,2.5,6.1,.417,1.8,2.2,.800,0.6,3.9,4.5,7.3,1.7,0.4,2.0,3.2,10.9
426,D'Angelo Russell,PG,26,TOT,71,71,2304,7.0,14.8,.469,3.0,7.7,.396,3.9,7.2,.548,2.8,3.4,.829,0.5,2.8,3.4,6.8,1.1,0.5,2.9,2.2,19.7
426,D'Angelo Russell,PG,26,MIN,54,54,1778,6.8,14.7,.465,3.0,7.7,.391,3.8,7.0,.546,2.9,3.4,.856,0.6,2.8,3.3,6.8,1.2,0.4,3.0,2.4,19.6
426,D'Angelo Russell,PG,26,LAL,17,17,526,7.3,15.1,.484,3.1,7.6,.414,4.2,7.5,.555,2.5,3.4,.735,0.5,2.9,3.4,7.0,0.7,0.5,2.7,1.6,20.3
427,Matt Ryan,SF,25,TOT,34,0,310,4.6,12.5,.370,3.7,9.8,.381,0.9,2.8,.333,1.2,1.4,.833,0.5,2.6,3.0,1.9,0.6,0.1,0.8,3.1,14.2
427,Matt Ryan,SF,25,LAL,12,0,129,4.2,13.7,.306,3.6,9.8,.371,0.6,3.9,.143,1.1,1.4,.800,0.6,3.3,3.9,1.1,0.6,0.0,0.8,3.9,13.1
427,Matt Ryan,SF,25,MIN,22,0,181,5.0,11.7,.424,3.8,9.7,.388,1.2,2.0,.600,1.2,1.4,.857,0.4,2.0,2.4,2.4,0.6,0.2,0.8,2.6,14.9
428,Domantas Sabonis,C,26,SAC,79,79,2736,7.6,12.3,.615,0.4,1.1,.373,7.2,11.3,.639,4.3,5.8,.742,3.3,9.5,12.8,7.5,0.9,0.5,3.0,3.7,19.9
429,Luka Šamanić,PF,23,UTA,7,4,161,5.8,12.7,.456,1.8,6.9,.258,4.0,5.8,.692,2.0,2.9,.692,0.0,6.7,6.7,3.4,1.3,0.4,2.2,3.8,15.4
430,Dario Šarić,PF-C,28,TOT,57,12,806,5.7,12.4,.458,2.0,5.1,.391,3.7,7.2,.506,2.8,3.4,.829,2.4,6.9,9.2,3.3,0.9,0.3,2.5,4.4,16.2
430,Dario Šarić,PF,28,PHO,37,12,533,5.1,12.0,.427,1.8,4.7,.391,3.3,7.4,.450,2.4,3.0,.818,2.6,7.0,9.6,3.8,0.9,0.3,2.4,4.7,14.5
430,Dario Šarić,C,28,OKC,20,0,273,6.7,13.1,.515,2.4,6.1,.391,4.4,7.0,.623,3.6,4.2,.844,1.8,6.7,8.6,2.2,0.9,0.3,2.5,4.0,19.4
431,Olivier Sarr,C,23,OKC,9,1,114,4.7,9.5,.500,0.3,2.5,.125,4.4,6.9,.636,1.6,2.2,.714,3.8,6.0,9.8,1.3,0.3,1.6,1.3,5.4,11.4
432,Jordan Schakel,SF,24,WAS,2,0,6,6.0,12.0,.500,6.0,6.0,1.000,0.0,6.0,.000,0.0,0.0,,0.0,0.0,0.0,6.0,6.0,0.0,0.0,6.0,18.0
433,Admiral Schofield,PF,25,ORL,37,0,451,4.4,9.7,.451,1.9,5.9,.324,2.5,3.8,.646,1.7,1.8,.913,1.8,3.1,4.9,2.5,0.6,0.4,1.3,4.9,12.4
434,Dennis Schröder,PG,29,LAL,66,50,1986,4.9,11.8,.415,1.3,4.1,.329,3.6,7.7,.461,3.9,4.6,.857,0.4,2.6,3.0,5.4,0.9,0.2,2.0,2.6,15.0
435,Jay Scrubb,SG,22,ORL,2,0,30,6.0,8.4,.714,2.4,2.4,1.000,3.6,6.0,.600,1.2,2.4,.500,0.0,7.2,7.2,1.2,2.4,0.0,3.6,2.4,15.6
436,Dereon Seabron,SG,22,NOP,5,0,12,6.0,15.0,.400,0.0,0.0,,6.0,15.0,.400,0.0,0.0,,3.0,0.0,3.0,0.0,0.0,0.0,0.0,3.0,12.0
437,Alperen Sengun,C,20,HOU,75,72,2171,7.3,13.2,.553,0.3,0.9,.333,7.0,12.3,.570,3.4,4.8,.715,4.0,7.2,11.2,4.8,1.2,1.2,3.2,4.3,18.4
438,Collin Sexton,PG,24,UTA,48,15,1145,7.5,14.7,.506,1.5,3.8,.393,5.9,10.9,.546,5.1,6.3,.819,1.2,2.1,3.3,4.3,0.8,0.2,2.7,3.5,21.5
439,Landry Shamet,SG,25,PHO,40,9,807,5.0,13.4,.377,3.3,8.9,.377,1.7,4.5,.376,2.0,2.3,.882,0.5,2.5,3.0,4.1,1.2,0.2,1.6,2.7,15.4
440,Day'Ron Sharpe,C,21,BRK,48,3,552,6.1,11.2,.544,0.4,0.7,.545,5.7,10.4,.544,2.3,3.6,.636,6.5,6.6,13.0,2.4,1.0,2.1,2.7,5.8,14.8
Rk,Player,Pos,Age,Tm,G,GS,MP,FG,FGA,FG%,3P,3PA,3P%,2P,2PA,2P%,FT,FTA,FT%,ORB,DRB,TRB,AST,STL,BLK,TOV,PF,PTS
441,Shaedon Sharpe,SG,19,POR,80,15,1779,6.2,13.1,.472,2.1,5.7,.360,4.1,7.4,.559,1.5,2.1,.714,1.3,3.5,4.8,1.9,0.8,0.5,1.7,2.8,16.0
442,Pascal Siakam,PF,28,TOR,71,71,2652,8.6,17.8,.480,1.3,3.9,.324,7.3,13.9,.523,5.0,6.4,.774,1.8,5.8,7.5,5.6,0.9,0.5,2.3,3.1,23.3
443,Chris Silva,PF,26,DAL,1,0,3,12.0,12.0,1.000,0.0,0.0,,12.0,12.0,1.000,0.0,0.0,,0.0,0.0,0.0,0.0,0.0,0.0,12.0,24.0,24.0
444,Ben Simmons,PG,26,BRK,42,33,1105,4.3,7.7,.566,0.0,0.1,.000,4.3,7.6,.571,0.8,1.9,.439,1.3,7.3,8.6,8.3,1.8,0.8,3.2,4.5,9.5
445,Kobi Simmons,SG,25,CHO,5,0,28,1.3,7.7,.167,1.3,6.4,.200,0.0,1.3,.000,2.6,2.6,1.000,1.3,3.9,5.1,6.4,0.0,2.6,1.3,0.0,6.4
446,Marko Simonovic,C,23,CHI,7,0,20,3.6,12.6,.286,1.8,7.2,.250,1.8,5.4,.333,1.8,3.6,.500,1.8,1.8,3.6,0.0,0.0,0.0,0.0,9.0,10.8
447,Anfernee Simons,SG,23,POR,62,62,2171,7.7,17.3,.447,3.5,9.3,.377,4.2,8.0,.528,2.7,3.0,.894,0.3,2.4,2.7,4.2,0.7,0.2,2.1,2.4,21.7
448,Jericho Sims,C,24,NYK,52,16,812,3.7,4.7,.776,0.0,0.0,.000,3.7,4.7,.783,0.5,0.7,.750,4.4,6.3,10.7,1.1,0.7,1.2,1.2,4.3,7.9
449,Marcus Smart,PG,28,BOS,61,61,1957,4.6,11.1,.415,2.1,6.3,.336,2.5,4.8,.519,1.6,2.2,.746,0.8,2.7,3.5,7.0,1.7,0.4,2.6,3.2,12.9
450,Dennis Smith Jr.,PG,25,CHO,54,15,1390,4.8,11.7,.412,0.6,2.9,.216,4.2,8.8,.475,2.0,2.7,.736,0.7,3.6,4.3,6.8,1.9,0.6,2.1,3.2,12.3
451,Dru Smith,SG,25,TOT,15,1,158,4.1,10.3,.400,1.1,4.3,.263,3.0,5.9,.500,0.7,0.7,1.000,0.5,5.0,5.5,5.0,2.3,0.9,0.7,5.2,10.0
451,Dru Smith,SG,25,MIA,5,1,67,2.7,7.5,.357,0.5,3.2,.167,2.1,4.3,.500,0.0,0.0,,0.5,4.3,4.8,2.7,2.1,1.6,0.5,5.4,5.9
451,Dru Smith,SG,25,BRK,10,0,91,5.1,12.3,.419,1.6,5.1,.308,3.6,7.1,.500,1.2,1.2,1.000,0.4,5.5,5.9,6.7,2.4,0.4,0.8,5.1,13.1
452,Ish Smith,PG,34,DEN,43,0,398,4.7,11.8,.397,0.2,1.1,.167,4.5,10.8,.420,0.2,0.4,.500,0.5,4.4,4.9,9.0,0.7,0.6,4.0,3.0,9.8
453,Jabari Smith Jr.,PF,19,HOU,79,79,2451,5.3,13.1,.408,1.8,5.7,.307,3.6,7.4,.487,2.4,3.0,.786,1.8,6.6,8.4,1.5,0.6,1.1,1.5,3.3,14.8
454,Jalen Smith,C,22,IND,68,31,1279,6.8,14.3,.476,1.5,5.4,.283,5.3,8.9,.593,2.9,3.9,.759,3.6,7.5,11.1,1.9,0.6,1.7,2.0,4.3,18.1
455,Xavier Sneed,SF,25,CHO,4,0,48,3.7,7.5,.500,2.3,4.5,.500,1.5,3.0,.500,3.0,3.0,1.000,0.0,3.7,3.7,3.7,0.0,0.7,2.3,5.2,12.7
456,Jeremy Sochan,PF,19,SAS,56,53,1458,6.2,13.6,.453,0.8,3.3,.246,5.4,10.3,.519,2.0,2.9,.698,2.3,4.9,7.3,3.5,1.1,0.6,2.4,3.4,15.2
457,Jaden Springer,SG,20,PHI,16,2,89,6.9,14.2,.486,0.8,2.0,.400,6.1,12.1,.500,2.4,3.2,.750,2.4,3.2,5.7,3.2,2.8,1.2,1.2,6.1,17.0
458,Lamar Stevens,SF,25,CLE,62,25,1120,4.1,9.3,.448,1.0,3.1,.316,3.2,6.2,.513,1.3,1.8,.702,1.5,5.1,6.7,1.1,0.9,0.6,0.9,2.5,10.5
459,Isaiah Stewart,C,21,DET,50,47,1414,5.0,11.2,.442,1.7,5.2,.327,3.3,6.0,.542,2.8,3.8,.738,2.9,7.3,10.3,1.8,0.5,0.9,1.7,3.4,14.4
460,Max Strus,SF,26,MIA,80,33,2272,5.1,12.5,.410,3.1,8.9,.350,2.0,3.6,.559,1.2,1.4,.876,0.8,3.3,4.1,2.7,0.7,0.2,1.1,2.6,14.6
Rk,Player,Pos,Age,Tm,G,GS,MP,FG,FGA,FG%,3P,3PA,3P%,2P,2PA,2P%,FT,FTA,FT%,ORB,DRB,TRB,AST,STL,BLK,TOV,PF,PTS
461,Jalen Suggs,SG,21,ORL,53,19,1246,5.4,12.8,.419,1.9,5.8,.327,3.5,7.0,.496,2.5,3.4,.723,1.6,3.1,4.7,4.5,1.9,0.8,2.7,3.5,15.1
462,Edmond Sumner,SG,27,BRK,53,12,736,6.1,13.2,.461,1.5,4.3,.356,4.5,8.9,.511,4.8,5.3,.917,0.6,3.2,3.9,3.3,1.5,0.5,2.4,4.1,18.5
463,Cole Swider,SF,23,LAL,7,0,41,2.6,7.9,.333,2.6,7.0,.375,0.0,0.9,.000,0.0,0.0,,0.9,5.3,6.1,3.5,0.0,0.0,0.0,2.6,7.9
464,Jae'Sean Tate,SF,27,HOU,31,7,677,5.8,12.2,.480,0.7,2.4,.283,5.2,9.7,.530,2.7,3.7,.725,2.2,4.1,6.3,4.5,1.1,0.4,2.5,5.6,15.0
465,Jayson Tatum,SF,24,BOS,74,74,2732,9.6,20.5,.466,3.2,9.0,.350,6.4,11.5,.558,7.0,8.2,.854,1.0,7.5,8.6,4.5,1.0,0.7,2.8,2.1,29.3
466,Terry Taylor,PF,23,TOT,31,2,264,5.3,10.2,.520,0.7,2.6,.263,4.6,7.6,.607,0.8,1.5,.545,3.7,2.7,6.4,1.4,0.4,0.8,1.2,3.5,12.1
466,Terry Taylor,PF,23,IND,26,2,228,4.7,10.3,.462,0.6,2.8,.222,4.1,7.4,.553,0.8,1.1,.714,3.5,2.7,6.2,1.6,0.5,0.8,1.4,3.8,10.9
466,Terry Taylor,PF,23,CHI,5,0,36,9.0,10.0,.900,1.0,1.0,1.000,8.0,9.0,.889,1.0,4.0,.250,5.0,3.0,8.0,0.0,0.0,1.0,0.0,2.0,20.0
467,Garrett Temple,SG,36,NOP,25,0,162,4.0,10.0,.400,2.4,5.8,.423,1.6,4.2,.368,0.7,0.9,.750,1.1,2.7,3.8,2.9,2.0,0.4,0.9,3.3,11.1
468,Dalen Terry,SG,20,CHI,38,0,214,5.4,12.1,.444,1.2,4.5,.259,4.2,7.6,.556,2.4,3.5,.667,2.0,4.2,6.2,3.7,1.9,0.8,1.3,4.0,14.3
469,Daniel Theis,C,30,IND,7,1,109,6.9,14.5,.477,0.7,3.6,.182,6.3,10.9,.576,1.7,4.0,.417,2.3,5.0,7.3,3.0,0.7,2.0,1.0,2.3,16.2
470,Cam Thomas,SG,21,BRK,57,4,948,7.6,17.3,.441,1.9,5.1,.383,5.7,12.3,.464,5.7,6.6,.868,0.3,3.3,3.6,3.0,0.8,0.3,2.4,2.1,22.9
471,Klay Thompson,SF,32,GSW,69,69,2279,8.6,19.8,.436,4.8,11.5,.412,3.9,8.2,.470,1.8,2.1,.879,0.6,3.9,4.5,2.6,0.8,0.5,1.9,2.1,23.8
472,JT Thor,PF,20,CHO,69,8,969,3.5,8.8,.399,1.4,4.6,.317,2.1,4.3,.487,1.2,1.7,.702,1.3,4.3,5.6,1.3,0.8,0.9,1.6,2.5,9.7
473,Matisse Thybulle,SF-SG,25,TOT,71,28,1200,3.3,7.6,.435,1.6,4.4,.365,1.7,3.2,.533,0.6,0.8,.679,1.2,3.0,4.2,1.6,2.5,1.0,0.7,3.4,8.8
473,Matisse Thybulle,SF,25,PHI,49,6,591,3.0,7.1,.431,1.3,3.8,.333,1.8,3.2,.547,0.5,0.7,.750,1.2,2.6,3.8,1.4,2.7,0.9,0.5,4.0,7.9
473,Matisse Thybulle,SG,25,POR,22,22,609,3.5,8.1,.438,2.0,5.0,.388,1.6,3.1,.519,0.6,0.9,.625,1.2,3.4,4.6,1.8,2.2,1.1,0.9,2.8,9.6
474,Xavier Tillman Sr.,C,24,MEM,61,29,1180,5.7,9.3,.614,0.1,0.5,.267,5.6,8.9,.632,1.5,2.7,.551,3.7,5.7,9.4,2.9,1.8,0.9,1.3,3.0,13.1
475,Isaiah Todd,PF,21,WAS,6,1,61,1.8,11.2,.158,0.6,5.9,.100,1.2,5.3,.222,1.2,1.2,1.000,1.2,5.9,7.1,2.4,0.6,0.0,1.2,2.4,5.3
476,Obi Toppin,PF,24,NYK,67,5,1050,6.4,14.4,.446,2.9,8.5,.344,3.5,5.9,.593,1.3,1.6,.809,1.0,5.4,6.4,2.3,0.8,0.4,1.3,2.3,17.0
477,Juan Toscano-Anderson,SF,29,TOT,52,9,700,3.3,7.4,.448,0.4,2.2,.186,2.9,5.1,.560,1.0,1.2,.792,1.4,4.9,6.4,3.3,0.8,0.5,1.7,4.1,8.0
477,Juan Toscano-Anderson,SF,29,LAL,30,7,365,3.3,6.5,.500,0.4,2.0,.200,2.9,4.5,.630,1.1,1.5,.733,1.4,4.6,6.0,2.5,1.0,0.7,1.7,4.5,8.0
477,Juan Toscano-Anderson,SF,29,UTA,22,2,335,3.3,8.3,.403,0.4,2.5,.174,2.9,5.8,.500,0.9,1.0,.889,1.5,5.3,6.8,4.3,0.6,0.3,1.8,3.7,8.0
478,Karl-Anthony Towns,PF,27,MIN,29,29,957,8.0,16.1,.495,2.3,6.2,.366,5.7,9.9,.576,4.4,5.1,.874,1.8,7.1,8.9,5.3,0.8,0.6,3.2,4.2,22.6
479,Gary Trent Jr.,SG,24,TOR,66,44,2118,6.9,15.9,.433,2.8,7.6,.369,4.1,8.2,.493,2.9,3.5,.839,0.5,2.4,2.9,1.8,1.8,0.2,0.9,1.7,19.5
480,P.J. Tucker,PF,37,PHI,75,75,1920,1.8,4.2,.427,1.0,2.6,.393,0.8,1.6,.482,0.4,0.4,.826,1.8,3.7,5.5,1.1,0.7,0.3,0.8,3.4,5.0
Rk,Player,Pos,Age,Tm,G,GS,MP,FG,FGA,FG%,3P,3PA,3P%,2P,2PA,2P%,FT,FTA,FT%,ORB,DRB,TRB,AST,STL,BLK,TOV,PF,PTS
481,Myles Turner,C,26,IND,62,62,1825,7.9,14.5,.548,1.8,4.9,.373,6.1,9.5,.638,4.3,5.4,.783,1.7,7.5,9.2,1.8,0.7,2.8,2.0,4.2,22.0
482,Stanley Umude,SG,23,DET,1,0,2,0.0,18.0,.000,0.0,18.0,.000,0.0,0.0,,36.0,36.0,1.000,0.0,0.0,0.0,0.0,18.0,18.0,0.0,0.0,36.0
483,Jonas Valančiūnas,C,30,NOP,79,79,1968,8.2,14.9,.547,0.7,2.0,.349,7.5,12.9,.577,3.4,4.1,.826,4.1,10.6,14.7,2.6,0.4,1.0,2.9,4.5,20.4
484,Jarred Vanderbilt,PF,23,TOT,78,65,1879,4.7,8.6,.548,0.6,1.7,.322,4.2,6.9,.604,1.8,2.7,.691,3.3,7.9,11.2,3.5,1.6,0.4,1.9,3.6,11.9
484,Jarred Vanderbilt,PF,23,UTA,52,41,1254,5.0,8.9,.556,0.5,1.6,.333,4.4,7.3,.606,1.9,2.9,.657,3.5,8.3,11.7,4.1,1.5,0.4,2.0,3.8,12.4
484,Jarred Vanderbilt,PF,23,LAL,26,24,625,4.3,8.1,.529,0.6,1.9,.303,3.7,6.2,.598,1.7,2.1,.784,2.8,7.1,10.0,2.4,1.7,0.3,1.7,3.3,10.8
485,Fred VanVleet,PG,28,TOR,69,69,2535,6.2,15.8,.393,2.9,8.6,.342,3.3,7.2,.455,3.6,4.0,.898,0.4,3.6,4.0,7.0,1.7,0.5,2.0,2.7,19.0
486,Devin Vassell,SG,22,SAS,38,32,1178,8.0,18.2,.439,3.1,8.1,.387,4.8,10.1,.480,2.4,3.1,.780,0.2,4.3,4.5,4.2,1.3,0.5,1.7,1.7,21.5
487,Gabe Vincent,PG,26,MIA,68,34,1759,4.7,11.6,.402,2.4,7.2,.334,2.3,4.4,.512,1.4,1.6,.872,0.6,2.4,3.0,3.4,1.3,0.1,1.9,3.2,13.1
488,Noah Vonleh,C,27,BOS,23,1,171,2.3,5.1,.458,0.2,0.8,.250,2.1,4.2,.500,0.4,0.4,1.000,3.8,6.3,10.1,1.5,0.4,1.7,2.3,7.4,5.3
489,Nikola Vučević,C,32,CHI,82,82,2746,7.8,15.1,.520,1.6,4.5,.349,6.2,10.5,.594,1.7,2.1,.835,2.1,9.8,11.8,3.5,0.8,0.7,1.8,2.3,19.0
490,Dean Wade,PF,26,CLE,44,13,891,2.9,7.2,.412,1.8,5.1,.354,1.1,2.0,.560,0.6,0.9,.652,0.8,5.3,6.1,1.5,1.1,0.8,0.7,3.6,8.3
491,Franz Wagner,SF,21,ORL,80,80,2609,7.5,15.4,.485,1.8,5.0,.361,5.7,10.5,.544,3.7,4.4,.842,1.0,3.6,4.5,3.9,1.1,0.2,2.3,2.5,20.5
492,Moritz Wagner,C,25,ORL,57,18,1109,6.4,12.9,.500,1.7,5.3,.313,4.8,7.6,.631,5.0,5.9,.841,2.2,6.2,8.4,2.7,1.2,0.4,2.2,4.4,19.5
493,Ish Wainright,SF,28,PHO,60,2,915,3.3,8.9,.370,2.2,6.8,.329,1.1,2.1,.500,1.0,1.2,.839,1.8,3.7,5.5,2.1,1.5,0.9,0.9,4.6,9.9
494,Jabari Walker,SF,20,POR,56,0,619,4.8,11.5,.419,0.9,3.3,.286,3.9,8.3,.472,2.0,2.6,.756,2.8,4.8,7.6,2.0,0.6,0.8,1.7,4.0,12.6
495,Kemba Walker,PG,32,DAL,9,1,144,6.0,14.2,.421,1.7,7.0,.250,4.2,7.2,.586,4.2,5.2,.810,0.7,3.2,4.0,4.7,0.5,0.5,1.0,2.7,18.0
496,Lonnie Walker IV,SG,24,LAL,56,32,1297,6.6,14.6,.448,2.5,6.9,.365,4.0,7.7,.522,2.5,2.9,.858,0.4,2.6,3.0,1.8,0.8,0.5,1.3,2.0,18.2
497,John Wall,PG,32,LAC,34,3,755,6.6,16.1,.408,1.6,5.2,.303,5.0,10.9,.459,3.7,5.4,.681,0.7,3.7,4.4,8.5,1.3,0.6,3.8,2.8,18.4
498,T.J. Warren,PF-SF,29,TOT,42,0,687,6.9,14.1,.489,1.2,3.5,.328,5.8,10.6,.542,1.5,1.8,.800,1.4,5.0,6.3,2.1,1.2,0.6,1.0,3.4,16.5
498,T.J. Warren,PF,29,BRK,26,0,490,7.5,14.7,.510,1.2,3.5,.333,6.3,11.2,.566,2.0,2.4,.818,1.0,4.3,5.3,2.1,1.1,0.5,1.2,3.3,18.1
498,T.J. Warren,SF,29,PHO,16,0,197,5.5,12.8,.429,1.1,3.5,.316,4.4,9.3,.471,0.2,0.4,.500,2.4,6.6,9.0,2.0,1.3,0.9,0.5,3.7,12.2
499,Duane Washington Jr.,SG,22,PHO,31,3,394,8.6,23.4,.367,3.7,10.1,.360,4.9,13.2,.372,1.5,2.2,.667,0.2,3.1,3.3,5.8,0.5,0.4,3.1,2.1,22.3
500,P.J. Washington,PF,24,CHO,73,73,2380,6.6,14.8,.444,2.3,6.5,.348,4.3,8.3,.518,1.9,2.6,.730,1.1,4.3,5.4,2.6,1.0,1.2,1.7,2.9,17.3
Rk,Player,Pos,Age,Tm,G,GS,MP,FG,FGA,FG%,3P,3PA,3P%,2P,2PA,2P%,FT,FTA,FT%,ORB,DRB,TRB,AST,STL,BLK,TOV,PF,PTS
501,TyTy Washington Jr.,PG,21,HOU,31,2,433,4.8,13.3,.363,1.6,6.7,.238,3.2,6.7,.488,0.8,1.5,.556,0.2,3.6,3.7,3.9,1.2,0.2,1.2,2.4,12.1
502,Yuta Watanabe,SF,28,BRK,58,1,928,4.4,9.0,.491,2.3,5.2,.444,2.1,3.8,.557,1.3,1.8,.723,1.2,4.3,5.5,1.9,1.0,0.7,0.9,3.1,12.5
503,Lindy Waters III,SG,25,OKC,41,0,531,4.7,12.1,.393,3.9,11.0,.358,0.8,1.1,.750,1.1,1.4,.800,1.1,4.0,5.1,1.9,0.9,0.7,0.7,2.8,14.5
504,Trendon Watford,PF,22,POR,62,12,1182,5.5,9.8,.560,0.8,1.9,.391,4.8,7.9,.602,2.2,3.0,.720,1.3,6.0,7.2,4.0,1.0,0.4,2.2,3.6,14.0
505,Peyton Watson,SG,20,DEN,23,2,186,5.6,11.4,.492,1.2,2.7,.429,4.5,8.7,.511,2.1,3.9,.550,1.5,5.6,7.2,2.1,0.4,2.1,1.5,2.7,14.5
506,Blake Wesley,SG,19,SAS,37,1,669,3.7,11.6,.321,1.1,2.8,.385,2.6,8.8,.301,1.4,2.4,.591,0.6,3.8,4.4,5.3,1.3,0.3,3.5,3.6,9.9
507,Russell Westbrook,PG,34,TOT,73,24,2126,7.3,16.8,.436,1.5,4.8,.311,5.8,11.9,.487,3.5,5.3,.656,1.5,5.7,7.2,9.3,1.3,0.6,4.3,2.7,19.6
507,Russell Westbrook,PG,34,LAL,52,3,1491,7.3,17.6,.417,1.5,5.1,.296,5.8,12.5,.467,3.8,5.7,.655,1.4,6.3,7.8,9.4,1.3,0.6,4.4,2.9,20.0
507,Russell Westbrook,PG,34,LAC,21,21,635,7.3,14.9,.489,1.5,4.1,.356,5.8,10.7,.540,2.8,4.3,.658,1.7,4.1,5.8,9.1,1.3,0.6,4.0,2.3,18.8
508,Coby White,SG,22,CHI,74,2,1730,5.5,12.4,.443,2.7,7.2,.372,2.8,5.2,.540,1.3,1.5,.871,0.3,4.1,4.4,4.2,1.1,0.1,1.5,2.5,14.9
509,Derrick White,SG,28,BOS,82,70,2319,5.4,11.8,.462,2.3,6.1,.381,3.1,5.7,.548,2.6,3.0,.875,0.8,3.7,4.5,5.0,0.8,1.2,1.5,2.7,15.8
510,Jack White,SF,25,DEN,17,0,66,4.4,10.4,.421,1.6,4.9,.333,2.7,5.5,.500,1.1,1.6,.667,3.3,6.0,9.3,2.2,1.6,1.1,1.1,4.9,11.5
511,Joe Wieskamp,SF,23,TOR,9,0,50,2.2,10.1,.214,2.2,8.6,.250,0.0,1.4,.000,0.0,0.0,,0.0,2.9,2.9,2.2,0.0,0.0,0.7,2.2,6.5
512,Aaron Wiggins,SG,24,OKC,70,14,1297,5.2,10.1,.512,1.3,3.4,.393,3.8,6.7,.573,1.6,2.0,.831,1.9,3.9,5.8,2.2,1.1,0.4,1.5,3.1,13.3
513,Andrew Wiggins,SF,27,GSW,37,37,1190,7.6,16.0,.473,2.7,6.8,.396,4.9,9.2,.530,1.3,2.2,.611,1.8,3.8,5.6,2.6,1.4,0.8,1.5,3.2,19.1
514,Lindell Wigginton,PG,24,MIL,7,1,87,7.4,15.3,.486,2.5,7.4,.333,5.0,7.9,.632,3.3,3.7,.889,0.0,2.9,2.9,5.8,0.0,0.8,5.0,2.9,20.7
515,Alondes Williams,SG,23,BRK,1,0,5,0.0,0.0,,0.0,0.0,,0.0,0.0,,0.0,0.0,,0.0,7.2,7.2,0.0,0.0,0.0,14.4,7.2,0.0
516,Donovan Williams,SG,21,ATL,2,0,4,18.0,45.0,.400,0.0,18.0,.000,18.0,27.0,.667,0.0,0.0,,0.0,18.0,18.0,0.0,0.0,0.0,0.0,0.0,36.0
517,Grant Williams,PF,24,BOS,79,23,2045,3.8,8.4,.454,2.0,5.1,.395,1.8,3.3,.546,1.7,2.1,.770,1.5,4.9,6.4,2.3,0.7,0.5,1.4,3.4,11.3
518,Jalen Williams,SG,21,OKC,75,62,2276,6.5,12.6,.521,1.2,3.2,.356,5.4,9.3,.579,2.5,3.0,.812,1.3,4.0,5.3,3.9,1.6,0.6,1.9,3.0,16.7
519,Jaylin Williams,C,20,OKC,49,36,914,4.0,9.2,.436,1.8,4.5,.407,2.2,4.8,.463,1.5,2.1,.704,1.7,7.8,9.5,3.0,1.1,0.5,1.5,4.4,11.3
520,Jeenathan Williams,SG,23,POR,5,4,127,6.8,11.1,.615,0.9,2.3,.375,6.0,8.8,.677,0.6,0.9,.667,2.8,1.4,4.3,2.8,0.9,0.6,1.1,3.7,15.0
Rk,Player,Pos,Age,Tm,G,GS,MP,FG,FGA,FG%,3P,3PA,3P%,2P,2PA,2P%,FT,FTA,FT%,ORB,DRB,TRB,AST,STL,BLK,TOV,PF,PTS
521,Kenrich Williams,PF,28,OKC,53,10,1206,5.3,10.3,.517,1.5,4.0,.373,3.9,6.3,.608,0.5,1.2,.436,2.9,4.9,7.8,3.1,1.3,0.4,1.0,3.3,12.7
522,Mark Williams,C,21,CHO,43,17,828,7.0,10.9,.637,0.0,0.0,,7.0,10.9,.637,2.9,4.2,.691,4.0,9.2,13.2,0.8,1.2,2.0,1.7,4.1,16.8
523,Patrick Williams,PF,21,CHI,82,65,2323,4.9,10.5,.464,1.8,4.3,.415,3.1,6.2,.498,1.4,1.6,.857,1.2,3.9,5.1,1.5,1.1,1.1,1.6,2.3,12.9
524,Robert Williams,C,25,BOS,35,20,824,5.5,7.4,.747,0.0,0.0,.000,5.5,7.4,.751,1.1,1.8,.610,4.5,8.2,12.8,2.2,1.0,2.1,1.5,3.0,12.2
525,Vince Williams Jr.,SG,22,MEM,15,1,105,4.1,13.7,.300,1.4,9.6,.143,2.7,4.1,.667,0.7,0.7,1.000,1.4,3.8,5.1,1.4,2.1,0.7,1.7,4.1,10.3
526,Ziaire Williams,SF,21,MEM,37,4,561,5.4,12.6,.429,1.6,6.2,.258,3.8,6.4,.596,1.1,1.4,.773,1.0,4.0,5.1,2.2,0.9,0.4,2.4,3.7,13.5
527,Zion Williamson,PF,22,NOP,29,29,956,10.7,17.7,.608,0.3,0.7,.368,10.5,16.9,.618,6.7,9.3,.714,2.2,5.4,7.6,5.0,1.2,0.6,3.7,2.4,28.4
528,Dylan Windler,SF,26,CLE,3,0,10,7.2,10.8,.667,3.6,7.2,.500,3.6,3.6,1.000,0.0,0.0,,0.0,0.0,0.0,3.6,3.6,0.0,3.6,0.0,18.0
529,Justise Winslow,PF,26,POR,29,11,776,3.8,9.2,.409,0.6,2.1,.311,3.1,7.1,.438,0.9,1.3,.714,2.3,4.5,6.7,4.5,1.4,0.5,2.0,4.1,9.1
530,James Wiseman,C,21,TOT,45,22,867,7.8,14.1,.558,0.2,0.8,.200,7.7,13.2,.580,2.8,4.0,.701,3.0,8.1,11.1,1.2,0.3,1.1,2.1,4.5,18.7
530,James Wiseman,C,21,GSW,21,0,262,8.1,12.9,.628,0.1,0.3,.500,8.0,12.6,.630,3.6,5.2,.684,2.5,7.6,10.0,1.9,0.4,1.0,1.9,5.4,19.9
530,James Wiseman,C,21,DET,24,22,605,7.7,14.6,.531,0.2,1.1,.167,7.6,13.5,.559,2.5,3.5,.712,3.3,8.3,11.5,1.0,0.2,1.2,2.2,4.1,18.1
531,Christian Wood,C,27,DAL,67,17,1738,8.2,15.9,.515,2.2,5.8,.376,6.0,10.1,.594,4.5,5.8,.772,1.8,8.4,10.2,2.5,0.6,1.5,2.5,3.5,23.1
532,Delon Wright,PG,30,WAS,50,14,1221,4.1,8.6,.474,1.2,3.5,.345,2.9,5.1,.564,1.5,1.8,.867,1.7,3.6,5.3,5.7,2.7,0.5,1.3,1.7,10.9
533,McKinley Wright IV,PG,24,DAL,27,1,335,4.9,10.5,.469,1.0,3.0,.321,4.0,7.5,.529,1.4,2.0,.684,1.0,4.1,5.1,6.2,0.9,0.5,2.0,2.6,12.3
534,Gabe York,SG,29,IND,3,0,56,5.1,13.5,.381,3.9,11.6,.333,1.3,1.9,.667,1.3,1.3,1.000,0.0,3.9,3.9,3.2,1.3,0.0,0.0,3.2,15.4
535,Thaddeus Young,PF,34,TOR,54,9,795,4.9,9.0,.545,0.3,1.5,.176,4.6,7.4,.622,0.8,1.2,.692,3.2,4.3,7.5,3.4,2.4,0.2,1.9,4.0,10.9
536,Trae Young,PG,24,ATL,73,73,2541,8.5,19.7,.429,2.2,6.5,.335,6.3,13.2,.476,8.0,9.1,.886,0.8,2.3,3.1,10.5,1.1,0.1,4.3,1.5,27.1
537,Omer Yurtseven,C,24,MIA,9,0,83,6.9,11.7,.593,1.3,3.0,.429,5.6,8.7,.650,2.2,2.6,.833,3.5,6.5,10.0,0.9,0.9,0.9,1.7,6.9,17.3
538,Cody Zeller,C,30,MIA,15,2,217,6.1,9.8,.627,0.0,0.3,.000,6.1,9.5,.649,4.0,5.8,.686,4.1,6.5,10.6,1.7,0.5,0.7,2.3,5.5,16.3
539,Ivica Zubac,C,25,LAC,76,76,2170,5.4,8.5,.634,0.0,0.0,.000,5.4,8.5,.637,2.8,3.9,.697,3.9,8.6,12.5,1.3,0.5,1.6,1.9,3.6,13.6
