Unnamed: 0_level_0,Unnamed: 1_level_0,Unnamed: 2_level_0,Unnamed: 3_level_0,Unnamed: 4_level_0,Unnamed: 5_level_0,Unnamed: 6_level_0,Unnamed: 7_level_0,Unnamed: 8_level_0,Unnamed: 9_level_0,% of FGA by Distance,% of FGA by Distance,% of FGA by Distance,% of FGA by Distance,% of FGA by Distance,% of FGA by Distance,Unnamed: 16_level_0,FG% by Distance,FG% by Distance,FG% by Distance,FG% by Distance,FG% by Distance,FG% by Distance,Unnamed: 23_level_0,% of FG Ast'd,% of FG Ast'd,Unnamed: 26_level_0,Dunks,Dunks,Unnamed: 29_level_0,Corner 3s,Corner 3s,Unnamed: 32_level_0,Heaves,Heaves
Rk,Player,Pos,Age,Tm,G,MP,FG%,Dist.,Unnamed: 9_level_1,2P,0-3,3-10,10-16,16-3P,3P,Unnamed: 16_level_1,2P,0-3,3-10,10-16,16-3P,3P,Unnamed: 23_level_1,2P,3P,Unnamed: 26_level_1,%FGA,#,Unnamed: 29_level_1,%3PA,3P%,Unnamed: 32_level_1,Att.,#
1,Mahmoud Abdul-Rauf,PG,31,VAN,41,486,.488,17.7,,.943,.028,.049,.171,.695,.057,,.500,.571,.250,.571,.497,.286,,.543,.500,,.000,0,,.071,.000,,0,0
2,Tariq Abdul-Wahad,SG,26,DEN,29,420,.387,11.4,,.910,.288,.171,.135,.315,.090,,.386,.594,.211,.200,.371,.400,,.641,1.000,,.027,3,,.200,1.000,,0,0
3,Shareef Abdur-Rahim,SF,24,VAN,81,3241,.472,10.1,,.950,.280,.273,.128,.270,.050,,.487,.693,.372,.415,.423,.188,,.672,.917,,.073,84,,.406,.154,,2,0
4,Cory Alexander,PG,27,ORL,26,227,.321,16.8,,.714,.161,.071,.143,.339,.286,,.350,.222,.750,.250,.368,.250,,.286,1.000,,.000,0,,.125,.000,,1,0
5,Courtney Alexander,PG,23,TOT,65,1382,.417,13.6,,.920,.180,.117,.232,.391,.080,,.421,.505,.388,.346,.438,.370,,.581,.588,,.005,3,,.174,.125,,0,0
5,Courtney Alexander,PG,23,DAL,38,472,.348,12.3,,.944,.242,.090,.298,.315,.056,,.351,.465,.250,.264,.375,.300,,.627,.667,,.000,0,,.200,.000,,0,0
5,Courtney Alexander,PG,23,WAS,27,910,.448,14.2,,.909,.152,.129,.203,.425,.091,,.454,.533,.431,.400,.458,.389,,.564,.571,,.008,3,,.167,.167,,0,0
6,Ray Allen*,SG,25,MIL,82,3129,.480,14.7,,.643,.235,.086,.183,.140,.357,,.506,.659,.429,.418,.410,.433,,.437,.856,,.027,31,,.270,.500,,1,0
7,Rafer Alston,PG,24,MIL,37,288,.357,15.8,,.643,.179,.107,.107,.250,.357,,.407,.533,.333,.667,.238,.267,,.455,1.000,,.000,0,,.233,.286,,0,0
8,John Amaechi,C,30,ORL,82,1710,.400,8.3,,.988,.400,.203,.122,.264,.012,,.405,.540,.317,.306,.314,.000,,.519,,,.017,9,,.000,,,1,0
9,Derek Anderson,SG,26,SAS,82,2859,.416,14.2,,.745,.251,.072,.121,.302,.255,,.422,.606,.141,.350,.363,.399,,.529,.871,,.047,41,,.308,.500,,1,0
10,Kenny Anderson,PG,30,BOS,33,849,.388,12.3,,.855,.233,.176,.181,.264,.145,,.397,.547,.300,.341,.367,.333,,.390,.818,,.000,0,,.091,.000,,0,0
11,Nick Anderson,SG,33,SAC,21,169,.246,21.4,,.316,.070,.018,.105,.123,.684,,.222,.500,.000,.167,.143,.256,,.250,.800,,.000,0,,.128,.200,,0,0
12,Shandon Anderson,SG,27,HOU,82,2396,.446,11.1,,.712,.397,.132,.088,.095,.288,,.517,.675,.346,.269,.321,.271,,.668,.957,,.022,13,,.300,.314,,1,0
13,Greg Anthony,PG,33,POR,58,856,.383,20.3,,.372,.083,.032,.067,.190,.628,,.340,.429,.250,.412,.292,.409,,.406,.723,,.000,0,,.195,.323,,0,0
14,Darrell Armstrong,PG,32,ORL,75,2767,.412,16.9,,.598,.160,.068,.128,.243,.402,,.451,.544,.397,.383,.440,.355,,.315,.734,,.003,3,,.151,.361,,0,0
15,Chucky Atkins,PG,26,DET,81,2363,.399,17.1,,.644,.162,.051,.105,.326,.356,,.423,.526,.245,.320,.432,.357,,.371,.884,,.000,0,,.218,.419,,2,0
16,Stacey Augmon,SG,32,POR,66,1182,.477,9.7,,.985,.365,.162,.094,.365,.015,,.485,.577,.442,.440,.423,.000,,.709,,,.064,16,,.000,,,0,0
17,Isaac Austin,C,31,VAN,52,845,.356,14.4,,.911,.178,.100,.111,.522,.089,,.366,.521,.185,.267,.369,.250,,.822,1.000,,.033,8,,.458,.182,,0,0
18,William Avery,PG,21,MIN,55,463,.382,15.3,,.590,.292,.083,.063,.153,.410,,.459,.524,.083,.556,.500,.271,,.538,.750,,.014,1,,.119,.286,,2,0
19,Dalibor Bagarić,C,20,CHI,35,259,.262,8.4,,.985,.369,.231,.185,.200,.015,,.266,.375,.400,.083,.077,.000,,.412,,,.046,3,,1.000,.000,,0,0
20,Vin Baker,PF,29,SEA,76,2129,.422,7.7,,.981,.370,.294,.107,.209,.019,,.429,.638,.277,.250,.366,.063,,.633,.000,,.029,23,,.000,,,0,0
Rk,Player,Pos,Age,Tm,G,MP,FG%,Dist.,,2P,0-3,3-10,10-16,16-3P,3P,,2P,0-3,3-10,10-16,16-3P,3P,,2P,3P,,%FGA,#,,%3PA,3P%,,Att.,#
21,Erick Barkley,PG,22,POR,8,38,.364,16.1,,.636,.273,.000,.091,.273,.364,,.357,.500,,.500,.167,.375,,.400,.667,,.000,0,,.125,.000,,0,0
22,Dana Barros,PG,33,DET,60,1079,.444,16.9,,.745,.146,.046,.104,.449,.255,,.453,.467,.368,.465,.454,.419,,.360,.864,,.000,0,,.114,.333,,0,0
23,Brent Barry,SG,29,SEA,67,1778,.494,17.4,,.429,.187,.112,.032,.097,.571,,.517,.800,.267,.154,.385,.476,,.640,.936,,.015,6,,.157,.361,,0,0
24,Jon Barry,SG,31,SAC,62,1010,.404,18.4,,.482,.161,.059,.082,.180,.518,,.463,.585,.467,.476,.348,.348,,.667,.717,,.004,1,,.144,.211,,3,1
25,Tony Battie,C,24,BOS,40,845,.537,7.7,,.985,.428,.209,.164,.184,.015,,.545,.721,.381,.485,.378,.000,,.722,,,.149,30,,.000,,,0,0
26,Raja Bell,SG,24,PHI,5,30,.286,17.9,,.571,.143,.286,.000,.143,.429,,.250,1.000,.000,,.000,.333,,.000,1.000,,.000,0,,.333,1.000,,1,0
27,Jonathan Bender,SF,20,IND,59,574,.355,14.5,,.780,.161,.204,.091,.323,.220,,.379,.600,.211,.471,.350,.268,,.709,1.000,,.027,5,,.366,.200,,1,0
28,Corey Benjamin,PG,22,CHI,65,857,.381,13.7,,.732,.278,.096,.126,.232,.268,,.425,.560,.345,.342,.343,.259,,.564,.905,,.063,16,,.148,.167,,0,0
29,David Benoit,SF,32,UTA,49,446,.483,11.9,,.912,.272,.109,.190,.340,.088,,.493,.700,.313,.464,.400,.385,,.727,.600,,.075,11,,.231,.333,,0,0
30,Travis Best,PG,28,IND,77,2457,.440,13.4,,.877,.206,.150,.169,.353,.123,,.449,.586,.398,.414,.406,.381,,.306,.730,,.000,0,,.103,.100,,2,0
31,Mike Bibby,PG,22,VAN,82,3190,.454,17.0,,.754,.103,.086,.119,.445,.246,,.478,.580,.430,.370,.493,.379,,.482,.917,,.000,0,,.165,.340,,0,0
32,Chauncey Billups*,SG,24,MIN,77,1790,.422,15.1,,.670,.239,.080,.089,.262,.330,,.445,.493,.213,.365,.500,.376,,.400,.877,,.007,4,,.330,.375,,3,0
33,Mookie Blaylock,PG,33,GSW,69,2352,.396,16.4,,.719,.152,.077,.139,.351,.281,,.424,.631,.129,.333,.434,.324,,.377,.767,,.000,0,,.258,.397,,4,0
34,Corie Blount,PF,32,TOT,68,1305,.442,8.1,,.973,.374,.228,.170,.201,.027,,.448,.591,.313,.380,.390,.250,,.656,1.000,,.099,21,,.375,.333,,0,0
34,Corie Blount,PF,32,PHO,30,387,.489,5.8,,1.000,.532,.170,.149,.149,.000,,.489,.600,.375,.143,.571,,,.739,,,.213,8,,,,,0,0
34,Corie Blount,PF,32,GSW,38,918,.433,8.5,,.968,.344,.239,.174,.211,.032,,.439,.588,.305,.419,.365,.250,,.638,1.000,,.077,13,,.375,.333,,0,0
35,Mark Blount,C,25,BOS,64,1098,.505,5.4,,1.000,.525,.215,.210,.050,.000,,.505,.657,.349,.333,.300,,,.554,,,.120,17,,,,,0,0
36,Muggsy Bogues,PG,36,TOR,3,34,.000,21.9,,.500,.000,.000,.000,.500,.500,,.000,,,,.000,.000,,,,,.000,0,,1.000,.000,,0,0
37,Etdrick Bohannon,PF,27,CLE,6,19,.500,1.0,,1.000,1.000,.000,.000,.000,.000,,.500,.500,,,,,,.000,,,.000,0,,,,,0,0
38,Calvin Booth,C,24,TOT,55,933,.476,7.3,,1.000,.373,.246,.266,.115,.000,,.476,.628,.371,.373,.448,,,.667,,,.083,17,,,,,0,0
38,Calvin Booth,C,24,WAS,40,640,.440,7.4,,1.000,.375,.232,.274,.119,.000,,.440,.619,.282,.348,.400,,,.635,,,.095,13,,,,,0,0
38,Calvin Booth,C,24,DAL,15,293,.548,7.1,,1.000,.369,.274,.250,.107,.000,,.548,.645,.522,.429,.556,,,.717,,,.060,4,,,,,0,0
39,Cal Bowdler,SF,23,ATL,44,375,.465,10.7,,.956,.289,.132,.228,.307,.044,,.477,.636,.200,.423,.486,.200,,.769,1.000,,.070,6,,.000,,,0,0
40,Bruce Bowen,SF,29,MIA,82,2685,.363,17.1,,.472,.184,.083,.091,.114,.528,,.394,.561,.271,.264,.318,.336,,.556,.990,,.026,15,,.384,.331,,2,0
Rk,Player,Pos,Age,Tm,G,MP,FG%,Dist.,,2P,0-3,3-10,10-16,16-3P,3P,,2P,0-3,3-10,10-16,16-3P,3P,,2P,3P,,%FGA,#,,%3PA,3P%,,Att.,#
41,Ryan Bowen,SF,25,DEN,57,696,.556,5.5,,.924,.660,.118,.007,.139,.076,,.571,.695,.118,1.000,.350,.364,,.711,1.000,,.014,2,,.636,.571,,0,0
42,Ira Bowman,PG,27,ATL,3,19,.000,10.9,,1.000,.000,.500,.500,.000,.000,,.000,,.000,.000,,,,,,,.000,0,,,,,0,0
43,Earl Boykins,PG,24,LAC,10,149,.397,11.6,,.873,.254,.175,.238,.206,.127,,.436,.563,.182,.667,.231,.125,,.333,1.000,,.000,0,,.375,.333,,0,0
44,Shawn Bradley,C,28,DAL,82,2001,.490,6.7,,.987,.425,.275,.166,.121,.013,,.494,.642,.398,.365,.370,.167,,.683,1.000,,.094,38,,.167,1.000,,2,0
45,Elton Brand,PF,21,CHI,74,2906,.476,7.6,,.998,.310,.315,.287,.086,.002,,.477,.621,.439,.424,.276,.000,,.666,,,.042,49,,1.000,.000,,0,0
46,Terrell Brandon,PG,30,MIN,78,2821,.451,14.2,,.920,.178,.078,.198,.466,.080,,.458,.584,.386,.391,.451,.363,,.498,.788,,.000,0,,.121,.364,,1,0
47,Chucky Brown,SF,32,TOT,26,339,.421,12.6,,.968,.221,.105,.200,.442,.032,,.435,.619,.400,.474,.333,.000,,.725,,,.021,2,,.667,.000,,0,0
47,Chucky Brown,SF,32,GSW,6,74,.450,12.9,,.900,.200,.100,.250,.350,.100,,.500,1.000,.500,.800,.000,.000,,.667,,,.000,0,,.500,.000,,0,0
47,Chucky Brown,SF,32,CLE,20,265,.413,12.5,,.987,.227,.107,.187,.467,.013,,.419,.529,.375,.357,.400,.000,,.742,,,.027,2,,1.000,.000,,0,0
48,Dee Brown,PG,32,ORL,7,155,.364,22.7,,.273,.000,.023,.023,.227,.727,,.333,,.000,.000,.400,.375,,.250,.750,,.000,0,,.250,.375,,0,0
49,P.J. Brown,C,31,CHH,80,2811,.444,9.6,,.993,.357,.114,.237,.285,.007,,.447,.555,.375,.406,.375,.000,,.711,,,.041,18,,.250,.000,,1,0
50,Randy Brown,PG,32,BOS,54,1238,.422,13.6,,.987,.224,.072,.101,.591,.013,,.427,.585,.176,.208,.436,.000,,.770,,,.008,2,,.000,,,2,0
51,Rick Brunson,PG,28,TOT,22,208,.333,17.5,,.741,.130,.111,.093,.407,.259,,.400,.571,.333,.600,.318,.143,,.313,1.000,,.000,0,,.429,.167,,2,0
51,Rick Brunson,PG,28,BOS,7,142,.286,18.0,,.686,.114,.143,.086,.343,.314,,.333,.750,.200,.667,.167,.182,,.125,1.000,,.000,0,,.455,.200,,2,0
51,Rick Brunson,PG,28,NYK,15,66,.421,16.7,,.842,.158,.053,.105,.526,.158,,.500,.333,1.000,.500,.500,.000,,.500,,,.000,0,,.333,.000,,0,0
52,Kobe Bryant*,SG,22,LAL,68,2783,.464,12.8,,.868,.240,.134,.189,.303,.132,,.489,.653,.409,.462,.410,.305,,.384,.770,,.035,49,,.120,.375,,4,0
53,Mark Bryant,PF,35,DAL,18,101,.400,9.1,,1.000,.150,.450,.250,.150,.000,,.400,.667,.222,.400,.667,,,.625,,,.050,1,,,,,0,0
54,Greg Buckner,SG,24,DAL,37,820,.438,5.1,,.964,.500,.297,.109,.057,.036,,.443,.594,.228,.381,.364,.286,,.659,1.000,,.031,5,,.571,.250,,0,0
55,Jud Buechler,SF,32,DET,57,737,.463,17.5,,.530,.183,.030,.049,.262,.470,,.506,.633,.000,.500,.465,.416,,.795,.969,,.012,2,,.558,.558,,0,0
56,Rodney Buford,SF,23,PHI,47,573,.432,13.8,,.842,.149,.141,.245,.307,.158,,.433,.694,.324,.322,.446,.421,,.705,.938,,.025,5,,.316,.417,,0,0
57,Matt Bullard,PF,33,HOU,61,1000,.423,22.3,,.302,.036,.026,.036,.203,.698,,.467,.636,.500,.455,.435,.404,,.721,.953,,.003,1,,.188,.475,,0,0
58,Scott Burrell,SF,30,CHH,4,41,.467,17.4,,.600,.133,.133,.000,.333,.400,,.556,.500,.000,,.800,.333,,.800,1.000,,.000,0,,.167,1.000,,0,0
59,Jason Caffey,PF,27,MIL,70,1460,.488,4.6,,1.000,.540,.232,.207,.022,.000,,.488,.571,.365,.434,.250,,,.665,,,.084,27,,,,,0,0
60,Marcus Camby,C,26,NYK,63,2127,.524,4.5,,.986,.607,.191,.143,.045,.014,,.530,.634,.369,.349,.385,.125,,.670,.000,,.141,70,,.125,1.000,,2,0
Rk,Player,Pos,Age,Tm,G,MP,FG%,Dist.,,2P,0-3,3-10,10-16,16-3P,3P,,2P,0-3,3-10,10-16,16-3P,3P,,2P,3P,,%FGA,#,,%3PA,3P%,,Att.,#
61,Elden Campbell,PF,32,CHH,78,2337,.440,8.0,,.993,.282,.324,.283,.104,.007,,.443,.587,.407,.360,.391,.000,,.728,,,.078,54,,.000,,,1,0
62,Brian Cardinal,PF,23,DET,15,126,.323,10.7,,.839,.419,.065,.065,.290,.161,,.385,.462,.500,.500,.222,.000,,.900,,,.032,1,,.600,.000,,0,0
63,Chris Carr,SG,26,BOS,35,309,.473,15.5,,.670,.152,.143,.143,.232,.330,,.480,.706,.313,.438,.462,.459,,.667,1.000,,.027,3,,.459,.529,,0,0
64,Anthony Carter,PG,25,MIA,72,1630,.406,12.8,,.917,.263,.115,.190,.350,.083,,.430,.579,.364,.319,.399,.150,,.529,.500,,.023,10,,.050,.500,,6,0
65,Vince Carter*,SF,24,TOR,75,2979,.460,14.1,,.760,.245,.100,.124,.290,.240,,.477,.613,.337,.432,.428,.408,,.558,.772,,.028,44,,.169,.403,,1,0
66,Sam Cassell,PG,31,MIL,76,2709,.474,13.2,,.913,.140,.103,.413,.258,.087,,.490,.601,.385,.471,.503,.306,,.333,.833,,.000,0,,.316,.387,,1,0
67,Kelvin Cato,C,26,HOU,35,624,.577,3.7,,1.000,.613,.243,.099,.045,.000,,.577,.750,.407,.182,.000,,,.922,,,.324,32,,,,,0,0
68,Duane Causwell,C,32,MIA,31,384,.376,5.8,,1.000,.365,.388,.224,.024,.000,,.376,.613,.242,.211,.500,,,.656,,,.082,5,,,,,0,0
69,Cedric Ceballos,SF,31,TOT,40,559,.441,11.5,,.681,.450,.048,.052,.131,.319,,.506,.592,.273,.333,.367,.301,,.684,1.000,,.035,7,,.479,.314,,0,0
69,Cedric Ceballos,SF,31,DET,13,166,.394,17.5,,.437,.211,.042,.085,.099,.563,,.548,.800,.000,.333,.429,.275,,.588,1.000,,.000,0,,.500,.300,,0,0
69,Cedric Ceballos,SF,31,MIA,27,393,.462,8.9,,.791,.557,.051,.038,.146,.209,,.496,.557,.375,.333,.348,.333,,.710,1.000,,.051,7,,.455,.333,,0,0
70,Calbert Cheaney,SG,29,DEN,9,153,.333,11.3,,1.000,.300,.100,.133,.467,.000,,.333,.556,.000,.750,.143,,,.800,,,.000,0,,,,,0,0
71,Chris Childs,PG,33,TOT,77,1859,.403,17.4,,.684,.167,.042,.113,.361,.316,,.450,.464,.357,.289,.504,.302,,.417,.906,,.000,0,,.038,.250,,3,0
71,Chris Childs,PG,33,NYK,51,1309,.419,17.4,,.712,.149,.050,.122,.392,.288,,.462,.455,.364,.333,.517,.313,,.397,1.000,,.000,0,,.047,.333,,2,0
71,Chris Childs,PG,33,TOR,26,550,.372,17.4,,.628,.204,.027,.097,.301,.372,,.423,.478,.333,.182,.471,.286,,.467,.750,,.000,0,,.024,.000,,1,0
72,Doug Christie,SG,30,SAC,81,2939,.395,12.9,,.683,.308,.124,.070,.180,.317,,.403,.584,.245,.309,.239,.376,,.502,.926,,.043,29,,.388,.412,,3,0
73,Keon Clark,PF,25,TOT,81,1720,.480,5.2,,.998,.520,.243,.158,.077,.002,,.481,.641,.365,.244,.250,.000,,.655,,,.125,56,,.000,,,0,0
73,Keon Clark,PF,25,DEN,35,752,.412,5.2,,1.000,.462,.332,.111,.095,.000,,.412,.565,.379,.091,.158,,,.671,,,.116,20,,,,,0,0
73,Keon Clark,PF,25,TOR,46,968,.522,5.2,,.997,.556,.188,.188,.066,.003,,.524,.680,.350,.300,.333,.000,,.647,,,.131,36,,.000,,,0,0
74,Mateen Cleaves,PG,23,DET,78,1268,.400,9.8,,.958,.405,.078,.158,.318,.043,,.405,.444,.226,.317,.441,.294,,.368,.800,,.000,0,,.059,.000,,1,0
75,John Coker,C,29,GSW,6,32,.125,10.7,,1.000,.125,.250,.375,.250,.000,,.125,.000,.500,.000,.000,,,1.000,,,.000,0,,,,,0,0
76,Derrick Coleman,PF,33,CHH,34,683,.380,12.3,,.800,.208,.212,.231,.149,.200,,.377,.566,.333,.237,.395,.392,,.688,1.000,,.035,7,,.196,.300,,0,0
77,Bimbo Coles,PG,32,CLE,47,804,.381,14.1,,.933,.096,.192,.310,.335,.067,,.399,.522,.304,.446,.375,.125,,.348,.500,,.000,0,,.000,,,5,0
78,Jason Collier,C,23,HOU,23,222,.380,11.6,,.986,.239,.197,.127,.423,.014,,.386,.588,.071,.444,.400,.000,,.815,,,.014,1,,.000,,,0,0
79,Sean Colson,PG,25,TOT,13,44,.250,16.4,,.792,.083,.042,.333,.333,.208,,.263,.500,.000,.375,.125,.200,,.200,1.000,,.000,0,,.000,,,0,0
79,Sean Colson,PG,25,ATL,3,14,.000,18.9,,.800,.000,.000,.400,.400,.200,,.000,,,.000,.000,.000,,,,,.000,0,,.000,,,0,0
79,Sean Colson,PG,25,HOU,10,30,.316,15.8,,.789,.105,.053,.316,.316,.211,,.333,.500,.000,.500,.167,.250,,.200,1.000,,.000,0,,.000,,,0,0
80,Tyrone Corbin,SF,38,TOR,15,117,.237,14.6,,.868,.237,.026,.132,.474,.132,,.273,.333,.000,.000,.333,.000,,.889,,,.000,0,,.000,,,0,0
Rk,Player,Pos,Age,Tm,G,MP,FG%,Dist.,,2P,0-3,3-10,10-16,16-3P,3P,,2P,0-3,3-10,10-16,16-3P,3P,,2P,3P,,%FGA,#,,%3PA,3P%,,Att.,#
81,Chris Crawford,PF,25,ATL,47,901,.452,10.2,,.919,.296,.200,.211,.211,.081,,.468,.688,.389,.298,.404,.273,,.612,1.000,,.074,19,,.182,.500,,1,0
82,Jamal Crawford,PG,20,CHI,61,1050,.352,17.8,,.615,.135,.066,.115,.299,.385,,.353,.390,.250,.343,.363,.350,,.439,.951,,.013,3,,.068,.500,,1,0
83,Austin Croshere,PF,25,IND,81,1874,.394,13.0,,.705,.270,.171,.110,.154,.295,,.417,.513,.317,.377,.389,.338,,.529,.943,,.046,30,,.353,.356,,1,0
84,John Crotty,PG,31,UTA,31,264,.338,9.9,,.892,.431,.108,.092,.262,.108,,.310,.464,.143,.333,.118,.571,,.556,1.000,,.000,0,,.143,1.000,,0,0
85,Vonteego Cummings,PG,24,GSW,66,1495,.344,15.2,,.723,.170,.137,.139,.277,.277,,.348,.557,.197,.278,.329,.336,,.377,.625,,.014,5,,.175,.360,,1,0
86,Bill Curley,PF,28,TOT,20,192,.532,7.8,,.957,.319,.319,.170,.149,.043,,.533,.800,.533,.375,.143,.500,,.625,1.000,,.021,1,,.500,.000,,0,0
86,Bill Curley,PF,28,DAL,5,15,.250,7.1,,.750,.500,.250,.000,.000,.250,,.333,.500,.000,,,.000,,1.000,,,.000,0,,1.000,.000,,0,0
86,Bill Curley,PF,28,GSW,15,177,.558,7.9,,.977,.302,.326,.186,.163,.023,,.548,.846,.571,.375,.143,1.000,,.609,1.000,,.023,1,,.000,,,0,0
87,Dell Curry,SG,36,TOR,71,956,.424,19.6,,.620,.052,.018,.097,.453,.380,,.422,.500,.571,.270,.439,.428,,.780,.919,,.000,0,,.352,.431,,1,0
88,Michael Curry,SG,32,DET,68,1485,.455,12.5,,.972,.248,.060,.160,.505,.028,,.455,.633,.316,.333,.422,.444,,.730,1.000,,.028,7,,.667,.500,,0,0
89,Erick Dampier,C,25,GSW,43,1038,.401,5.6,,.994,.338,.487,.134,.035,.006,,.404,.538,.346,.238,.545,.000,,.548,,,.057,18,,.000,,,0,0
90,Antonio Daniels,PG,25,SAS,79,2060,.468,14.2,,.689,.201,.173,.146,.168,.311,,.496,.729,.422,.419,.364,.404,,.378,.865,,.036,20,,.246,.422,,1,1
91,Kornél Dávid,SF,29,TOT,27,209,.490,5.8,,1.000,.588,.078,.157,.176,.000,,.490,.700,.250,.125,.222,,,.680,,,.078,3,,,,,0,0
91,Kornél Dávid,SF,29,TOR,17,140,.517,5.8,,1.000,.586,.069,.172,.172,.000,,.517,.647,.500,.200,.400,,,.733,,,.069,1,,,,,0,0
91,Kornél Dávid,SF,29,DET,10,69,.455,5.7,,1.000,.591,.091,.136,.182,.000,,.455,.769,.000,.000,.000,,,.600,,,.091,2,,,,,0,0
92,Antonio Davis,C,32,TOR,78,2729,.433,7.2,,.999,.424,.171,.263,.141,.001,,.434,.550,.304,.408,.287,.000,,.656,,,.102,79,,1.000,.000,,0,0
93,Baron Davis,PG,21,CHH,82,3192,.427,12.3,,.714,.389,.077,.082,.166,.286,,.474,.589,.351,.269,.365,.310,,.432,.788,,.040,31,,.055,.600,,3,1
94,Dale Davis,C,31,POR,81,2162,.497,6.1,,.992,.505,.181,.211,.094,.008,,.501,.622,.307,.417,.413,.000,,.657,,,.152,72,,.000,,,1,0
95,Emanual Davis,SG,32,SEA,62,1290,.418,15.4,,.601,.176,.142,.135,.148,.399,,.435,.589,.333,.442,.340,.394,,.482,.920,,.000,0,,.394,.480,,0,0
96,Hubert Davis,PG,30,TOT,66,1692,.453,15.8,,.605,.176,.148,.081,.201,.395,,.450,.711,.250,.457,.368,.456,,.288,.885,,.000,0,,.117,.500,,0,0
96,Hubert Davis,PG,30,DAL,51,1261,.443,16.3,,.576,.182,.121,.067,.207,.424,,.448,.684,.211,.381,.400,.436,,.309,.862,,.000,0,,.120,.438,,0,0
96,Hubert Davis,PG,30,WAS,15,431,.479,14.6,,.681,.160,.218,.118,.185,.319,,.457,.789,.308,.571,.273,.526,,.243,.950,,.000,0,,.105,.750,,0,0
97,Ricky Davis,SG,21,MIA,7,70,.414,14.8,,.966,.172,.034,.172,.586,.034,,.393,.400,.000,.200,.471,1.000,,.727,.000,,.069,1,,.000,,,0,0
98,Terry Davis,PF,33,DEN,19,228,.480,3.4,,1.000,.680,.160,.040,.120,.000,,.480,.529,.250,.000,.667,,,.417,,,.000,0,,,,,0,0
99,Todd Day,SG,31,MIN,31,345,.373,17.4,,.415,.186,.110,.042,.076,.585,,.367,.545,.385,.000,.111,.377,,.611,.962,,.000,0,,.290,.300,,0,0
100,Andrew DeClercq,C,27,ORL,67,903,.554,3.1,,1.000,.720,.145,.057,.078,.000,,.554,.626,.357,.455,.333,,,.738,,,.093,16,,,,,0,0
Rk,Player,Pos,Age,Tm,G,MP,FG%,Dist.,,2P,0-3,3-10,10-16,16-3P,3P,,2P,0-3,3-10,10-16,16-3P,3P,,2P,3P,,%FGA,#,,%3PA,3P%,,Att.,#
101,Vinny Del Negro,PG,34,TOT,65,922,.453,15.3,,.944,.077,.094,.256,.517,.056,,.475,.667,.409,.550,.421,.077,,.562,1.000,,.000,0,,.231,.000,,1,1
101,Vinny Del Negro,PG,34,GSW,29,396,.333,15.6,,.900,.067,.100,.289,.444,.100,,.358,1.000,.222,.423,.250,.111,,.483,1.000,,.000,0,,.111,.000,,1,1
101,Vinny Del Negro,PG,34,PHO,36,526,.528,15.0,,.972,.083,.090,.236,.563,.028,,.543,.500,.538,.647,.506,.000,,.592,,,.000,0,,.500,.000,,0,0
102,Tony Delk,SG,27,PHO,82,2288,.415,14.3,,.818,.215,.085,.145,.374,.182,,.436,.530,.321,.358,.438,.321,,.626,.759,,.010,8,,.292,.306,,2,0
103,Derrick Dial,SG,25,SAS,33,207,.434,12.8,,.880,.277,.108,.108,.386,.120,,.466,.609,.667,.222,.375,.200,,.588,.000,,.000,0,,.200,.500,,0,0
104,Michael Dickerson,SG,25,VAN,70,2618,.417,14.4,,.775,.206,.128,.113,.327,.225,,.429,.576,.282,.330,.428,.374,,.552,.930,,.023,22,,.265,.377,,0,0
105,Vlade Divac*,C,32,SAC,81,2420,.482,6.6,,.981,.421,.315,.070,.175,.019,,.486,.635,.403,.377,.318,.286,,.578,.750,,.030,22,,.000,,,0,0
106,Michael Doleac,C,23,ORL,77,1398,.417,14.6,,.994,.131,.066,.188,.609,.006,,.420,.507,.314,.333,.439,.000,,.891,,,.015,7,,.000,,,0,0
107,Keyon Dooling,PG,20,LAC,76,1237,.409,12.8,,.779,.298,.122,.108,.251,.221,,.426,.546,.364,.231,.396,.350,,.200,.643,,.022,5,,.213,.294,,0,0
108,Sherman Douglas,PG,34,NJN,59,1094,.403,11.8,,.868,.337,.096,.112,.323,.132,,.433,.608,.310,.324,.327,.200,,.447,.875,,.000,0,,.050,.000,,1,0
109,Bryce Drew,PG,26,CHI,48,1305,.379,16.7,,.679,.153,.083,.107,.336,.321,,.378,.520,.407,.286,.336,.381,,.571,.775,,.000,0,,.114,.417,,0,0
110,Chris Dudley,C,35,PHO,53,613,.397,3.4,,1.000,.507,.452,.041,.000,.000,,.397,.514,.303,.000,,,,.483,,,.110,7,,,,,0,0
111,Tim Duncan*,PF,24,SAS,82,3174,.499,8.8,,.981,.250,.341,.262,.127,.019,,.504,.707,.452,.413,.430,.259,,.528,.857,,.052,67,,.111,.000,,1,0
112,Tyus Edney,PG,27,IND,24,263,.385,11.5,,.934,.264,.176,.176,.319,.066,,.400,.583,.125,.375,.414,.167,,.676,1.000,,.000,0,,.000,,,0,0
113,Kevin Edwards,SG,35,VAN,46,634,.329,14.8,,.888,.147,.129,.129,.482,.112,,.338,.400,.136,.273,.390,.263,,.765,1.000,,.006,1,,.579,.364,,1,0
114,Howard Eisley,SG,28,DAL,82,2426,.393,16.9,,.601,.135,.104,.104,.259,.399,,.389,.538,.300,.357,.360,.398,,.304,.710,,.000,0,,.175,.255,,1,0
115,Obinna Ekezie,PF,25,TOT,33,281,.395,7.3,,1.000,.333,.321,.235,.111,.000,,.395,.444,.423,.316,.333,,,.625,,,.049,4,,,,,0,0
115,Obinna Ekezie,PF,25,WAS,29,273,.416,7.4,,1.000,.325,.325,.234,.117,.000,,.416,.480,.440,.333,.333,,,.625,,,.052,4,,,,,0,0
115,Obinna Ekezie,PF,25,DAL,4,8,.000,4.2,,1.000,.500,.250,.250,.000,.000,,.000,.000,.000,.000,,,,,,,.000,0,,,,,0,0
116,Khalid El-Amin,PG,21,CHI,50,936,.370,13.9,,.730,.248,.106,.125,.251,.270,,.383,.377,.303,.333,.449,.333,,.345,.750,,.000,0,,.107,.222,,0,0
117,Mario Elie,SG,37,PHO,68,1506,.423,14.2,,.593,.297,.102,.089,.106,.407,,.466,.507,.320,.409,.538,.360,,.662,1.000,,.012,3,,.400,.375,,1,0
118,Sean Elliott,SF,32,SAS,52,1229,.434,14.3,,.619,.257,.121,.059,.183,.381,,.438,.563,.171,.500,.419,.426,,.478,1.000,,.038,11,,.597,.494,,0,0
119,LaPhonso Ellis,PF,30,MIN,82,1948,.464,9.1,,.966,.341,.224,.139,.262,.034,,.469,.680,.403,.326,.327,.318,,.619,1.000,,.065,39,,.364,.500,,0,0
120,Pervis Ellison,C,33,SEA,9,40,.286,6.7,,1.000,.429,.143,.429,.000,.000,,.286,.333,1.000,.000,,,,.500,,,.000,0,,,,,0,0
Rk,Player,Pos,Age,Tm,G,MP,FG%,Dist.,,2P,0-3,3-10,10-16,16-3P,3P,,2P,0-3,3-10,10-16,16-3P,3P,,2P,3P,,%FGA,#,,%3PA,3P%,,Att.,#
121,Evan Eschmeyer,C,25,NJN,74,1331,.460,2.1,,1.000,.760,.175,.050,.015,.000,,.460,.520,.257,.400,.000,,,.696,,,.130,23,,,,,0,0
122,Patrick Ewing*,C,38,SEA,79,2107,.430,7.3,,.997,.298,.351,.243,.105,.003,,.431,.564,.375,.361,.403,.000,,.626,,,.018,12,,.500,.000,,0,0
123,Jamie Feick,C,26,NJN,6,149,.348,7.7,,1.000,.565,.000,.087,.348,.000,,.348,.308,,.500,.375,,,.750,,,.043,0,,,,,0,0
124,Danny Ferry,SF,34,SAS,80,1688,.475,19.7,,.584,.019,.032,.149,.384,.416,,.493,.286,.417,.482,.514,.449,,.833,.971,,.000,0,,.442,.536,,0,0
125,Michael Finley,SF,27,DAL,82,3443,.458,13.1,,.831,.210,.159,.191,.270,.169,,.481,.755,.372,.380,.403,.346,,.468,.879,,.039,59,,.285,.373,,6,0
126,Derek Fisher,PG,26,LAL,20,709,.412,18.5,,.663,.102,.048,.080,.433,.337,,.419,.474,.333,.400,.420,.397,,.635,.880,,.000,0,,.159,.300,,0,0
127,Marcus Fizer,PF,22,CHI,72,1580,.430,9.3,,.940,.320,.218,.263,.138,.060,,.442,.609,.340,.400,.292,.256,,.638,.800,,.037,20,,.103,.250,,2,0
128,Danny Fortson,PF,24,GSW,6,203,.580,6.2,,1.000,.420,.280,.240,.060,.000,,.580,.762,.429,.417,.667,,,.379,,,.040,2,,,,,0,0
129,Greg Foster,C,32,LAL,62,451,.421,14.3,,.932,.083,.143,.308,.398,.068,,.427,.455,.211,.512,.434,.333,,.604,1.000,,.008,0,,.000,,,0,0
130,Jeff Foster,C,24,IND,71,1152,.469,6.6,,.967,.540,.183,.075,.169,.033,,.476,.652,.231,.375,.222,.286,,.653,1.000,,.169,35,,.143,.000,,0,0
131,Rick Fox,SF,31,LAL,82,2291,.444,15.8,,.536,.252,.077,.087,.119,.464,,.488,.681,.240,.304,.377,.393,,.686,.856,,.028,18,,.247,.419,,1,0
132,Adonal Foyle,C,25,GSW,58,1457,.416,5.1,,1.000,.325,.533,.117,.024,.000,,.416,.508,.365,.386,.444,,,.590,,,.043,15,,,,,0,0
133,Steve Francis,PG,23,HOU,80,3194,.451,12.8,,.724,.322,.120,.109,.174,.276,,.472,.587,.384,.383,.377,.396,,.240,.414,,.029,31,,.196,.424,,7,1
134,Todd Fuller,C,26,MIA,10,77,.286,10.1,,1.000,.286,.143,.286,.286,.000,,.286,.500,.400,.200,.100,,,.700,,,.086,2,,,,,0,0
135,Lawrence Funderburke,PF,30,SAC,59,698,.496,7.2,,1.000,.446,.194,.132,.227,.000,,.496,.676,.383,.406,.291,,,.642,,,.103,24,,,,,0,0
136,Rubén Garcés,PF,27,TOT,13,73,.318,4.0,,1.000,.636,.227,.045,.091,.000,,.318,.500,.000,.000,.000,,,.571,,,.000,0,,,,,0,0
136,Rubén Garcés,PF,27,PHO,10,62,.467,2.4,,1.000,.800,.133,.000,.067,.000,,.467,.583,.000,,.000,,,.571,,,.000,0,,,,,0,0
136,Rubén Garcés,PF,27,GSW,3,11,.000,7.5,,1.000,.286,.429,.143,.143,.000,,.000,.000,.000,.000,.000,,,,,,.000,0,,,,,0,0
137,Chris Garner,PG,25,GSW,8,149,.189,15.8,,.811,.108,.162,.081,.459,.189,,.233,.500,.167,.667,.118,.000,,.286,,,.000,0,,.143,.000,,0,0
138,Kevin Garnett*,PF,24,MIN,81,3202,.477,10.5,,.955,.235,.260,.196,.265,.045,,.486,.679,.420,.433,.419,.288,,.638,.895,,.050,68,,.167,.182,,1,0
139,Dean Garrett,C,34,MIN,70,831,.481,7.3,,1.000,.359,.256,.308,.077,.000,,.481,.643,.375,.396,.417,,,.720,,,.115,16,,,,,0,0
140,Pat Garrity,SF,24,ORL,76,1579,.387,18.0,,.611,.094,.071,.128,.318,.389,,.358,.481,.341,.365,.322,.433,,.643,.969,,.005,2,,.219,.449,,0,0
Rk,Player,Pos,Age,Tm,G,MP,FG%,Dist.,,2P,0-3,3-10,10-16,16-3P,3P,,2P,0-3,3-10,10-16,16-3P,3P,,2P,3P,,%FGA,#,,%3PA,3P%,,Att.,#
141,Chris Gatling,PF,33,CLE,74,1670,.449,11.0,,.874,.259,.229,.157,.229,.126,,.470,.632,.351,.443,.423,.304,,.618,1.000,,.019,13,,.511,.426,,1,0
142,Matt Geiger,C,31,PHI,35,542,.393,8.4,,.991,.290,.237,.353,.112,.009,,.396,.677,.208,.316,.320,.000,,.693,,,.027,4,,.500,.000,,0,0
143,Devean George,SF,23,LAL,59,593,.309,14.2,,.671,.246,.159,.082,.184,.329,,.353,.490,.273,.118,.342,.221,,.490,.800,,.039,6,,.309,.333,,0,0
144,Eddie Gill,PG,22,NJN,8,152,.390,16.4,,.780,.146,.049,.146,.439,.220,,.406,.667,.000,.333,.389,.333,,.385,.667,,.000,0,,.111,.000,,0,0
145,Kendall Gill,SG,32,NJN,31,892,.331,12.3,,.957,.254,.090,.204,.409,.043,,.333,.573,.207,.242,.258,.286,,.602,1.000,,.022,7,,.143,.000,,0,0
146,Dion Glover,SG,22,ATL,57,929,.420,9.8,,.863,.387,.173,.146,.158,.137,,.455,.592,.293,.388,.358,.196,,.508,.556,,.042,11,,.152,.286,,1,0
147,Anthony Goldwire,PG,29,DEN,20,201,.375,17.5,,.575,.163,.075,.063,.275,.425,,.457,.538,.500,.600,.364,.265,,.381,.667,,.000,0,,.294,.300,,0,0
148,Steve Goodrich,PF,24,CHI,12,133,.389,8.4,,.833,.611,.000,.056,.167,.167,,.400,.455,,.000,.333,.333,,.667,1.000,,.000,0,,.333,1.000,,0,0
149,Brian Grant,C,28,MIA,82,2771,.479,7.9,,.999,.381,.227,.166,.225,.001,,.480,.605,.332,.458,.432,.000,,.719,,,.075,59,,.000,,,0,0
150,Gary Grant,PG,35,POR,4,17,.714,16.9,,1.000,.143,.000,.000,.857,.000,,.714,.000,,,.833,,,.800,,,.000,0,,,,,0,0
151,Horace Grant,PF,35,LAL,77,2390,.462,10.3,,.995,.355,.090,.146,.404,.005,,.465,.584,.216,.373,.448,.000,,.768,,,.037,20,,.000,,,1,0
152,A.C. Green,PF,37,MIA,82,1411,.444,11.7,,.981,.278,.102,.164,.438,.019,,.453,.611,.273,.321,.444,.000,,.764,,,.012,4,,.167,.000,,1,0
153,Adrian Griffin,SF,26,BOS,44,377,.340,13.3,,.732,.278,.155,.093,.206,.268,,.338,.481,.267,.222,.250,.346,,.333,.889,,.000,0,,.538,.357,,1,0
154,Tom Gugliotta,PF,31,PHO,57,1159,.392,11.7,,.968,.268,.126,.192,.382,.032,,.397,.480,.188,.384,.414,.250,,.726,1.000,,.018,3,,.500,.333,,2,0
155,A.J. Guyton,PG,22,CHI,33,630,.406,19.0,,.641,.078,.042,.094,.427,.359,,.415,.600,.625,.333,.378,.391,,.608,.852,,.000,0,,.275,.368,,0,0
156,Darvin Ham,SF,27,MIL,29,540,.488,6.8,,.963,.575,.113,.213,.063,.038,,.481,.587,.333,.353,.200,.667,,.784,.000,,.300,20,,.000,,,3,2
157,Richard Hamilton,SF,22,WAS,78,2519,.438,12.7,,.883,.124,.235,.316,.208,.117,,.460,.658,.416,.415,.458,.274,,.491,.875,,.006,7,,.315,.348,,0,0
158,Zendon Hamilton,C,25,LAC,3,19,.222,4.5,,1.000,.778,.000,.000,.222,.000,,.222,.286,,,.000,,,.000,,,.000,0,,,,,0,0
159,Tom Hammonds,PF,33,MIN,7,30,.300,7.3,,1.000,.400,.300,.200,.100,.000,,.300,.500,.000,.500,.000,,,.667,,,.000,0,,,,,0,0
160,Anfernee Hardaway,SG,29,PHO,4,112,.417,14.2,,.778,.167,.167,.139,.306,.222,,.464,.667,.667,.200,.364,.250,,.462,.500,,.000,0,,.250,.000,,0,0
Rk,Player,Pos,Age,Tm,G,MP,FG%,Dist.,,2P,0-3,3-10,10-16,16-3P,3P,,2P,0-3,3-10,10-16,16-3P,3P,,2P,3P,,%FGA,#,,%3PA,3P%,,Att.,#
161,Tim Hardaway*,PG,34,MIA,77,2613,.392,19.1,,.504,.104,.066,.062,.272,.496,,.417,.519,.333,.400,.403,.366,,.205,.587,,.000,0,,.087,.444,,2,0
162,Ron Harper,PG,37,LAL,47,1139,.469,12.0,,.734,.339,.111,.144,.140,.266,,.543,.707,.300,.410,.474,.264,,.537,1.000,,.026,7,,.278,.300,,1,0
163,Matt Harpring,SG,24,CLE,56,1615,.454,11.9,,.901,.282,.118,.176,.324,.099,,.477,.635,.290,.326,.488,.250,,.756,.846,,.006,3,,.442,.217,,0,0
164,Al Harrington,PF,20,IND,78,1892,.444,8.6,,.987,.333,.250,.193,.210,.013,,.448,.591,.324,.457,.360,.143,,.675,.000,,.068,36,,.143,.000,,0,0
165,Othella Harrington,C,27,TOT,74,1815,.487,6.1,,.994,.363,.420,.156,.055,.006,,.490,.630,.469,.278,.321,.000,,.636,,,.037,17,,.000,,,0,0
165,Othella Harrington,C,27,VAN,44,1267,.466,6.5,,.992,.332,.430,.174,.057,.008,,.470,.609,.446,.299,.364,.000,,.600,,,.034,12,,.000,,,0,0
165,Othella Harrington,C,27,NYK,30,548,.554,4.5,,1.000,.463,.388,.099,.050,.000,,.554,.679,.553,.167,.167,,,.731,,,.050,5,,,,,0,0
166,Lucious Harris,SG,30,NJN,73,2071,.425,15.7,,.788,.205,.038,.107,.438,.212,,.445,.594,.333,.328,.414,.348,,.616,.848,,.008,4,,.205,.444,,2,0
167,Jason Hart,PG,22,MIL,1,10,1.000,0.0,,1.000,1.000,.000,.000,.000,.000,,1.000,1.000,,,,,,.000,,,.000,0,,,,,0,0
168,Antonio Harvey,PF,30,POR,12,72,.464,9.2,,1.000,.321,.179,.179,.321,.000,,.464,.556,.200,.800,.333,,,.692,,,.107,3,,,,,0,0
169,Donnell Harvey,PF,20,DAL,18,65,.571,6.8,,1.000,.357,.357,.214,.071,.000,,.571,1.000,.400,.333,.000,,,.375,,,.071,1,,,,,0,0
170,Hersey Hawkins,SG,34,CHH,59,681,.409,14.9,,.664,.255,.124,.044,.241,.336,,.429,.571,.294,.000,.424,.370,,.744,1.000,,.000,0,,.130,.000,,0,0
171,Michael Hawkins,PG,28,CLE,10,76,.333,18.2,,.556,.111,.111,.111,.222,.444,,.200,1.000,.000,.000,.000,.500,,.000,1.000,,.000,0,,.000,,,0,0
172,Alan Henderson,PF,28,ATL,73,1810,.444,5.7,,.999,.434,.304,.210,.051,.001,,.445,.619,.294,.319,.382,.000,,.537,,,.046,28,,.000,,,0,0
173,Cedric Henderson,SF,25,CLE,55,961,.389,10.2,,.969,.332,.111,.244,.282,.031,,.398,.598,.310,.313,.270,.125,,.733,1.000,,.053,14,,.500,.250,,0,0
174,Chris Herren,PG,25,BOS,25,408,.302,15.9,,.427,.240,.167,.010,.010,.573,,.317,.522,.063,.000,.000,.291,,.385,.938,,.000,0,,.200,.364,,0,0
175,Grant Hill*,SF,28,ORL,4,133,.442,8.4,,.977,.302,.163,.465,.047,.023,,.429,.615,.429,.300,.500,1.000,,.389,1.000,,.023,1,,1.000,1.000,,0,0
176,Tyrone Hill,PF,32,PHI,76,2363,.474,5.9,,.998,.394,.327,.225,.053,.002,,.474,.723,.297,.364,.194,.000,,.712,,,.043,23,,.000,,,0,0
177,Fred Hoiberg,SG,28,CHI,74,2247,.438,19.2,,.495,.154,.012,.040,.289,.505,,.465,.632,.000,.550,.385,.412,,.851,.961,,.020,8,,.092,.435,,0,0
178,Robert Horry,PF,30,LAL,79,1587,.387,16.3,,.589,.192,.097,.126,.174,.411,,.415,.644,.378,.354,.227,.346,,.484,.852,,.029,11,,.250,.359,,2,0
179,Eddie House,PG,22,MIA,50,550,.421,17.0,,.777,.093,.073,.150,.462,.223,,.443,.522,.500,.405,.430,.345,,.529,1.000,,.000,0,,.309,.294,,0,0
180,Allan Houston,SG,29,NYK,78,2858,.449,15.7,,.791,.103,.105,.252,.330,.209,,.467,.440,.378,.489,.486,.381,,.437,.750,,.003,4,,.143,.444,,0,0
Rk,Player,Pos,Age,Tm,G,MP,FG%,Dist.,,2P,0-3,3-10,10-16,16-3P,3P,,2P,0-3,3-10,10-16,16-3P,3P,,2P,3P,,%FGA,#,,%3PA,3P%,,Att.,#
181,Juwan Howard,PF,27,TOT,81,2974,.479,8.0,,.998,.222,.398,.306,.071,.002,,.480,.649,.416,.458,.395,.000,,.628,,,.049,49,,.333,.000,,0,0
181,Juwan Howard,PF,27,WAS,54,1981,.474,7.6,,1.000,.232,.407,.296,.064,.000,,.474,.646,.401,.465,.358,,,.638,,,.045,31,,,,,0,0
181,Juwan Howard,PF,27,DAL,27,993,.488,8.8,,.992,.202,.379,.327,.084,.008,,.492,.658,.453,.445,.455,.000,,.607,,,.059,18,,.333,.000,,0,0
182,Troy Hudson,PG,24,ORL,75,1008,.336,14.1,,.707,.272,.110,.113,.212,.293,,.392,.475,.317,.262,.392,.202,,.350,.773,,.003,1,,.083,.222,,5,0
183,Larry Hughes,SG,22,GSW,50,1846,.383,11.7,,.907,.239,.175,.201,.292,.093,,.403,.672,.206,.302,.370,.187,,.551,.857,,.035,26,,.173,.231,,0,0
184,Lindsey Hunter,PG,30,MIL,82,2002,.381,19.4,,.480,.089,.051,.114,.226,.520,,.388,.429,.275,.438,.373,.373,,.473,.862,,.001,1,,.258,.371,,0,0
185,Zydrunas Ilgauskas,C,25,CLE,24,616,.487,6.1,,.991,.423,.299,.222,.047,.009,,.491,.616,.400,.385,.455,.000,,.535,,,.085,19,,.500,.000,,0,0
186,Allen Iverson*,SG,25,PHI,71,2979,.420,12.7,,.831,.223,.175,.185,.248,.169,,.441,.686,.268,.330,.423,.320,,.370,.786,,.004,7,,.108,.364,,1,0
187,Bobby Jackson,PG,27,SAC,79,1648,.439,12.1,,.802,.287,.141,.133,.241,.198,,.455,.596,.365,.429,.354,.375,,.469,.872,,.000,0,,.500,.385,,0,0
188,Jaren Jackson,SG,33,SAS,16,114,.400,19.5,,.550,.050,.000,.175,.325,.450,,.409,.500,,.429,.385,.389,,.667,1.000,,.025,1,,.667,.500,,0,0
189,Jim Jackson,SF,30,TOT,56,1690,.378,12.5,,.873,.198,.209,.195,.272,.127,,.386,.560,.326,.382,.308,.325,,.465,.885,,.008,3,,.325,.308,,1,0
189,Jim Jackson,SF,30,ATL,17,550,.355,13.0,,.825,.184,.212,.203,.226,.175,,.341,.550,.174,.409,.265,.421,,.328,.813,,.005,0,,.342,.462,,1,0
189,Jim Jackson,SF,30,CLE,39,1140,.390,12.3,,.899,.205,.207,.190,.296,.101,,.408,.565,.407,.367,.325,.238,,.520,1.000,,.010,3,,.310,.154,,0,0
190,Marc Jackson,C,26,GSW,48,1410,.467,10.0,,.955,.260,.250,.220,.224,.045,,.478,.727,.346,.446,.368,.217,,.612,1.000,,.030,13,,.000,,,2,0
191,Mark Jackson,PG,35,TOT,83,2588,.419,13.8,,.645,.209,.252,.089,.094,.355,,.463,.615,.401,.327,.418,.338,,.328,.886,,.000,0,,.135,.250,,3,0
191,Mark Jackson,PG,35,TOR,54,1802,.422,15.1,,.591,.189,.216,.092,.094,.409,,.475,.632,.425,.297,.447,.345,,.301,.877,,.000,0,,.097,.250,,3,0
191,Mark Jackson,PG,35,NYK,29,786,.411,10.9,,.767,.256,.333,.083,.094,.233,,.442,.587,.367,.400,.353,.310,,.377,.923,,.000,0,,.286,.250,,0,0
192,Stephen Jackson,SF,22,NJN,77,1660,.425,13.6,,.729,.308,.080,.084,.257,.271,,.458,.591,.239,.292,.422,.335,,.623,.981,,.014,6,,.329,.294,,3,0
193,Sam Jacobson,PG,25,MIN,14,59,.500,11.9,,1.000,.278,.111,.167,.444,.000,,.500,.800,.000,.333,.500,,,.778,,,.056,1,,,,,0,0
194,Tim James,SF,24,CHH,30,197,.308,9.2,,.942,.269,.308,.212,.154,.058,,.306,.286,.375,.364,.125,.333,,.667,1.000,,.038,2,,.000,,,0,0
195,Antawn Jamison,SF,24,GSW,82,3394,.442,11.4,,.887,.216,.264,.142,.265,.113,,.459,.724,.384,.307,.400,.302,,.718,.935,,.013,22,,.112,.174,,0,0
196,Anthony Johnson,PG,26,TOT,53,511,.349,11.9,,.967,.204,.171,.276,.316,.033,,.354,.677,.308,.262,.250,.200,,.288,.000,,.007,0,,.000,,,1,0
196,Anthony Johnson,PG,26,ATL,25,279,.366,11.9,,.958,.197,.141,.338,.282,.042,,.382,.786,.400,.250,.250,.000,,.346,,,.000,0,,.000,,,0,0
196,Anthony Johnson,PG,26,CLE,28,232,.333,11.8,,.975,.210,.198,.222,.346,.025,,.329,.588,.250,.278,.250,.500,,.231,.000,,.012,0,,.000,,,1,0
197,Avery Johnson,PG,35,SAS,55,1290,.447,9.9,,.980,.333,.183,.150,.313,.020,,.452,.630,.273,.378,.404,.167,,.481,.000,,.000,0,,.333,.500,,3,0
198,DerMarr Johnson,SF,20,ATL,78,1313,.374,14.2,,.674,.262,.090,.151,.172,.326,,.399,.520,.286,.288,.373,.323,,.667,.976,,.064,23,,.323,.244,,2,0
199,Ervin Johnson,C,33,MIL,82,1981,.545,3.2,,1.000,.621,.263,.106,.010,.000,,.545,.642,.404,.333,.500,,,.556,,,.096,17,,,,,0,0
200,Larry Johnson,PF,31,NYK,65,2105,.411,11.0,,.727,.334,.164,.177,.052,.273,,.448,.595,.398,.264,.290,.313,,.456,.941,,.013,7,,.387,.397,,1,0
Rk,Player,Pos,Age,Tm,G,MP,FG%,Dist.,,2P,0-3,3-10,10-16,16-3P,3P,,2P,0-3,3-10,10-16,16-3P,3P,,2P,3P,,%FGA,#,,%3PA,3P%,,Att.,#
201,Damon Jones,PG,24,VAN,71,1415,.409,18.1,,.445,.166,.072,.041,.166,.555,,.465,.667,.367,.412,.319,.364,,.535,.738,,.002,1,,.342,.291,,0,0
202,Eddie Jones,SG,29,MIA,63,2282,.445,15.2,,.727,.207,.085,.118,.317,.273,,.471,.606,.378,.408,.431,.378,,.523,.956,,.025,20,,.265,.460,,3,0
203,Jumaine Jones,SF,21,PHI,65,866,.444,13.7,,.782,.284,.065,.156,.276,.218,,.474,.679,.056,.419,.395,.333,,.775,.950,,.062,17,,.250,.533,,1,0
204,Popeye Jones,PF,30,WAS,45,638,.392,9.3,,.961,.320,.222,.209,.209,.039,,.401,.571,.324,.281,.344,.167,,.627,1.000,,.000,0,,.500,.333,,0,0
205,Garth Joseph,C,27,TOT,4,16,.200,7.2,,1.000,.000,1.000,.000,.000,.000,,.200,,.200,,,,,.000,,,.000,0,,,,,0,0
205,Garth Joseph,C,27,TOR,2,8,.500,5.8,,1.000,.000,1.000,.000,.000,.000,,.500,,.500,,,,,.000,,,.000,0,,,,,0,0
205,Garth Joseph,C,27,DEN,2,8,.000,8.1,,1.000,.000,1.000,.000,.000,.000,,.000,,.000,,,,,,,,.000,0,,,,,0,0
206,Adam Keefe,PF,30,GSW,67,836,.403,8.5,,.981,.377,.176,.170,.258,.019,,.404,.617,.286,.296,.244,.333,,.683,1.000,,.038,6,,.333,.000,,0,0
207,Shawn Kemp,PF,31,POR,68,1083,.407,13.2,,.973,.247,.109,.087,.530,.027,,.408,.529,.200,.222,.425,.364,,.744,.750,,.024,8,,.364,.250,,0,0
208,Steve Kerr,PG,35,SAS,55,650,.421,20.3,,.516,.031,.031,.094,.358,.484,,.415,.400,.400,.400,.421,.429,,.529,.848,,.000,0,,.182,.429,,0,0
209,Jerome Kersey,SF,38,MIL,22,243,.464,15.8,,.986,.101,.014,.362,.507,.014,,.471,.571,.000,.560,.400,.000,,.813,,,.000,0,,.000,,,1,0
210,Lari Ketner,PF,23,IND,3,7,,,,,,,,,,,,,,,,,,,,,,0,,,,,0,0
211,Jason Kidd*,PG,27,PHO,77,3065,.411,13.6,,.789,.248,.112,.165,.263,.211,,.442,.640,.317,.326,.381,.297,,.348,.754,,.002,2,,.108,.280,,4,0
212,Gerard King,SF,28,WAS,45,706,.511,10.9,,1.000,.193,.227,.301,.278,.000,,.511,.824,.450,.453,.408,,,.756,,,.034,6,,,,,0,0
213,Brevin Knight,PG,25,TOT,53,1457,.375,12.6,,.973,.191,.119,.253,.410,.027,,.382,.507,.205,.404,.362,.100,,.428,1.000,,.000,0,,.000,,,1,0
213,Brevin Knight,PG,25,CLE,6,93,.133,12.4,,1.000,.200,.067,.267,.467,.000,,.133,.333,.000,.250,.000,,,.000,,,.000,0,,,,,0,0
213,Brevin Knight,PG,25,ATL,47,1364,.385,12.6,,.972,.191,.121,.253,.407,.028,,.393,.515,.209,.411,.379,.100,,.434,1.000,,.000,0,,.000,,,1,0
214,Travis Knight,C,26,NYK,45,256,.189,14.5,,.981,.151,.075,.189,.566,.019,,.192,.375,.000,.200,.167,.000,,.800,,,.000,0,,.000,,,0,0
215,Toni Kukoč*,SF,32,TOT,65,1597,.473,13.5,,.730,.227,.191,.131,.182,.270,,.482,.682,.387,.303,.462,.446,,.454,.814,,.010,5,,.217,.559,,3,0
215,Toni Kukoč*,SF,32,PHI,48,979,.458,13.5,,.764,.212,.188,.155,.209,.236,,.472,.714,.387,.216,.493,.410,,.445,.906,,.000,0,,.256,.500,,2,0
215,Toni Kukoč*,SF,32,ATL,17,618,.492,13.4,,.687,.246,.194,.099,.147,.313,,.497,.645,.388,.480,.405,.481,,.465,.737,,.024,5,,.177,.643,,1,0
216,Christian Laettner,C-PF,31,TOT,78,1663,.503,9.3,,.976,.381,.123,.165,.307,.024,,.507,.629,.309,.374,.509,.308,,.652,1.000,,.027,13,,.385,.800,,0,0
216,Christian Laettner,C,31,DAL,53,930,.511,8.4,,.991,.421,.121,.155,.294,.009,,.513,.618,.282,.440,.495,.333,,.646,1.000,,.028,7,,.333,1.000,,0,0
216,Christian Laettner,PF,31,WAS,25,733,.491,10.6,,.956,.325,.127,.180,.325,.044,,.500,.649,.345,.293,.527,.300,,.661,1.000,,.026,6,,.400,.750,,0,0
217,Raef LaFrentz,C,24,DEN,78,2457,.477,9.7,,.829,.437,.140,.079,.172,.171,,.499,.648,.342,.375,.307,.367,,.693,.961,,.103,76,,.151,.524,,0,0
218,Trajan Langdon,SG,24,CLE,65,1116,.431,17.2,,.604,.115,.089,.128,.272,.396,,.444,.722,.357,.300,.424,.411,,.726,.961,,.000,0,,.266,.424,,0,0
219,Dan Langhi,SF,23,HOU,33,241,.374,11.8,,.990,.263,.182,.091,.455,.010,,.378,.346,.278,.333,.444,.000,,.595,,,.030,2,,.000,,,0,0
220,Voshon Lenard,SG,27,DEN,80,2331,.397,16.9,,.548,.170,.065,.104,.209,.452,,.407,.583,.200,.284,.390,.385,,.608,.973,,.001,1,,.531,.414,,1,0
Rk,Player,Pos,Age,Tm,G,MP,FG%,Dist.,,2P,0-3,3-10,10-16,16-3P,3P,,2P,0-3,3-10,10-16,16-3P,3P,,2P,3P,,%FGA,#,,%3PA,3P%,,Att.,#
221,Quincy Lewis,SF,23,UTA,35,402,.407,13.4,,.797,.220,.163,.106,.309,.203,,.418,.630,.150,.385,.421,.360,,.829,.889,,.000,0,,.400,.200,,0,0
222,Rashard Lewis,PF,21,SEA,78,2720,.480,13.4,,.679,.245,.174,.110,.150,.321,,.503,.719,.383,.408,.361,.432,,.723,.992,,.067,55,,.225,.422,,2,0
223,Randy Livingston,PG,25,GSW,2,7,.000,21.0,,.500,.000,.000,.000,.500,.500,,.000,,,,.000,.000,,,,,.000,0,,.000,,,0,0
224,Art Long,PF,28,SAC,9,20,.000,8.5,,1.000,.250,.500,.000,.250,.000,,.000,.000,.000,,.000,,,,,,.250,0,,,,,0,0
225,Grant Long,PF,34,VAN,66,1507,.439,13.2,,.953,.232,.107,.097,.517,.047,,.447,.676,.265,.323,.406,.267,,.721,1.000,,.031,10,,.333,.600,,0,0
226,Luc Longley,C,32,NYK,25,301,.333,4.5,,1.000,.556,.241,.148,.056,.000,,.333,.433,.154,.250,.333,,,.889,,,.074,4,,,,,0,0
227,Felipe López,SG-PG,26,TOT,70,1565,.441,9.1,,.891,.452,.119,.111,.209,.109,,.451,.593,.158,.302,.390,.365,,.661,.947,,.042,17,,.635,.485,,2,0
227,Felipe López,SG,26,WAS,47,1108,.436,8.8,,.911,.448,.147,.123,.193,.089,,.458,.623,.167,.325,.381,.207,,.684,1.000,,.021,7,,.586,.294,,1,0
227,Felipe López,PG,26,MIN,23,457,.454,9.8,,.849,.461,.059,.086,.243,.151,,.434,.529,.111,.231,.405,.565,,.607,.923,,.086,10,,.696,.688,,1,0
228,Tyronn Lue,PG,23,LAL,38,468,.427,15.4,,.709,.222,.068,.120,.299,.291,,.470,.577,.625,.571,.314,.324,,.359,.818,,.000,0,,.265,.444,,1,0
229,George Lynch,SF,30,PHI,82,2649,.445,9.3,,.907,.354,.196,.188,.169,.093,,.463,.683,.240,.353,.385,.263,,.718,.933,,.039,22,,.509,.276,,0,0
230,Todd MacCulloch,C,25,PHI,63,597,.589,3.0,,1.000,.638,.286,.070,.005,.000,,.589,.788,.226,.308,.000,,,.670,,,.119,22,,,,,0,0
231,Don MacLean,SF,31,MIA,8,76,.500,10.9,,.900,.300,.150,.200,.250,.100,,.444,.667,.000,.250,.600,1.000,,.875,1.000,,.000,0,,.000,,,0,0
232,Mark Madsen,PF,25,LAL,70,641,.487,3.1,,.991,.681,.204,.071,.035,.009,,.482,.571,.304,.250,.250,1.000,,.593,1.000,,.159,16,,1.000,1.000,,0,0
233,Corey Maggette,SF,21,LAC,69,1359,.462,9.4,,.885,.388,.170,.140,.187,.115,,.483,.677,.337,.265,.374,.304,,.519,.941,,.066,31,,.339,.316,,0,0
234,Jamaal Magloire,C,22,CHH,74,1095,.450,5.7,,.993,.513,.247,.103,.129,.007,,.454,.626,.254,.250,.314,.000,,.697,,,.181,41,,.000,,,1,0
235,Dan Majerle,SG,35,MIA,53,1306,.336,19.8,,.301,.135,.050,.019,.097,.699,,.385,.429,.385,.200,.360,.315,,.700,.947,,.000,0,,.160,.379,,0,0
236,Karl Malone*,PF,37,UTA,81,2895,.498,10.1,,.996,.326,.114,.209,.347,.004,,.499,.674,.373,.413,.426,.400,,.822,1.000,,.023,29,,.000,,,0,0
237,Matt Maloney,PG,29,ATL,55,1403,.420,19.1,,.592,.092,.026,.115,.359,.408,,.461,.500,.333,.425,.472,.359,,.305,.745,,.000,0,,.120,.471,,1,0
238,Danny Manning,PF,34,UTA,82,1305,.494,10.6,,.944,.256,.228,.184,.276,.056,,.508,.688,.544,.380,.399,.250,,.692,1.000,,.006,3,,.036,1.000,,0,0
239,Stephon Marbury,PG,23,NJN,67,2557,.441,12.6,,.738,.335,.121,.096,.186,.262,,.481,.577,.442,.328,.412,.328,,.285,.527,,.002,2,,.072,.167,,4,1
240,Shawn Marion,SF,22,PHO,79,2857,.480,10.2,,.929,.270,.220,.237,.203,.071,,.497,.674,.424,.407,.447,.256,,.672,1.000,,.079,84,,.622,.353,,3,0
Rk,Player,Pos,Age,Tm,G,MP,FG%,Dist.,,2P,0-3,3-10,10-16,16-3P,3P,,2P,0-3,3-10,10-16,16-3P,3P,,2P,3P,,%FGA,#,,%3PA,3P%,,Att.,#
241,Donyell Marshall,SF,27,UTA,81,2326,.503,8.1,,.849,.514,.135,.062,.138,.151,,.535,.651,.339,.396,.359,.320,,.689,.976,,.110,84,,.273,.429,,1,0
242,Darrick Martin,PG,29,SAC,31,176,.382,13.2,,.645,.368,.079,.026,.171,.355,,.306,.429,.333,.500,.000,.519,,.333,.571,,.000,0,,.148,.500,,0,0
243,Kenyon Martin,PF,23,NJN,68,2272,.445,10.4,,.986,.269,.203,.221,.292,.014,,.450,.699,.411,.291,.370,.091,,.696,1.000,,.095,68,,.182,.000,,1,0
244,Jamal Mashburn,SF,28,CHH,76,2989,.413,14.2,,.792,.192,.105,.208,.286,.208,,.428,.596,.473,.381,.332,.356,,.534,.893,,.016,19,,.260,.413,,1,0
245,Anthony Mason,PF,34,MIA,80,3254,.482,7.1,,1.000,.327,.321,.269,.083,.000,,.482,.574,.458,.432,.380,,,.483,,,.010,8,,,,,0,0
246,Desmond Mason,SF,23,SEA,78,1522,.431,12.8,,.847,.267,.123,.134,.323,.153,,.460,.658,.315,.339,.401,.269,,.690,1.000,,.052,18,,.388,.231,,2,0
247,Tony Massenburg,PF,33,VAN,52,823,.462,5.9,,1.000,.392,.387,.151,.070,.000,,.462,.641,.364,.367,.214,,,.728,,,.090,17,,,,,0,0
248,Vernon Maxwell,PG,35,TOT,43,660,.327,17.9,,.502,.148,.076,.072,.206,.498,,.348,.545,.235,.188,.304,.306,,.513,.971,,.000,0,,.252,.214,,0,0
248,Vernon Maxwell,PG,35,PHI,24,375,.336,18.1,,.488,.128,.096,.080,.184,.512,,.344,.500,.083,.200,.435,.328,,.619,1.000,,.000,0,,.234,.200,,0,0
248,Vernon Maxwell,PG,35,DAL,19,285,.316,17.5,,.520,.173,.051,.061,.235,.480,,.353,.588,.600,.167,.174,.277,,.389,.923,,.000,0,,.277,.231,,0,0
249,Walter McCarty,PF,26,BOS,60,478,.357,17.9,,.556,.151,.056,.143,.206,.444,,.371,.474,.714,.333,.231,.339,,.538,.895,,.016,2,,.286,.375,,1,0
250,Dan McClintock,C,23,DEN,6,58,.500,7.4,,1.000,.389,.222,.222,.167,.000,,.500,.714,.000,.750,.333,,,.556,,,.000,0,,,,,0,0
251,George McCloud,SF,33,DEN,76,2007,.382,16.5,,.643,.168,.079,.096,.299,.357,,.411,.555,.346,.429,.342,.329,,.711,.935,,.006,3,,.209,.347,,0,0
252,Jelani McCoy,C,23,SEA,70,1143,.523,2.8,,1.000,.610,.345,.042,.004,.000,,.523,.627,.407,.000,.000,,,.609,,,.197,48,,,,,0,0
253,Antonio McDyess,PF,26,DEN,70,2555,.495,9.1,,1.000,.342,.142,.282,.234,.000,,.495,.716,.400,.395,.352,,,.778,,,.110,110,,,,,0,0
254,Tracy McGrady*,SG,21,ORL,77,3087,.457,11.5,,.904,.280,.141,.203,.280,.096,,.468,.586,.416,.400,.425,.355,,.427,.814,,.051,80,,.090,.467,,2,0
255,Jim McIlvaine,C,28,NJN,18,193,.357,8.7,,1.000,.179,.429,.250,.143,.000,,.357,.400,.333,.429,.250,,,.700,,,.000,0,,,,,0,0
256,Jeff McInnis,PG,26,LAC,81,2831,.463,13.7,,.846,.098,.245,.274,.228,.154,,.482,.626,.555,.422,.413,.361,,.297,.885,,.002,2,,.042,.167,,0,0
257,Derrick McKey,SF,34,IND,66,987,.441,11.5,,.853,.272,.213,.096,.272,.147,,.483,.703,.414,.538,.297,.200,,.679,1.000,,.007,1,,.400,.250,,0,0
258,Aaron McKie,SG,28,PHI,76,2394,.473,13.5,,.762,.232,.137,.183,.209,.238,,.524,.777,.337,.420,.456,.312,,.481,.943,,.000,0,,.359,.426,,1,0
259,Roshown McLeod,SF,25,TOT,35,922,.437,12.3,,.934,.145,.184,.358,.247,.066,,.461,.667,.410,.387,.488,.091,,.643,1.000,,.003,0,,.273,.167,,0,0
259,Roshown McLeod,SF,25,ATL,34,907,.436,12.3,,.936,.142,.185,.361,.248,.064,,.460,.660,.410,.387,.488,.095,,.648,1.000,,.003,0,,.286,.167,,0,0
259,Roshown McLeod,SF,25,PHI,1,15,.500,13.1,,.500,.500,.000,.000,.000,.500,,1.000,1.000,,,,.000,,.000,,,.000,0,,.000,,,0,0
260,Paul McPherson,PG,22,TOT,55,595,.505,8.2,,.944,.398,.204,.227,.116,.056,,.525,.709,.386,.388,.400,.167,,.495,.500,,.120,21,,.250,.000,,1,0
260,Paul McPherson,PG,22,PHO,33,308,.490,8.4,,.938,.417,.208,.177,.135,.063,,.522,.675,.400,.412,.385,.000,,.553,,,.115,7,,.333,.000,,1,0
260,Paul McPherson,PG,22,GSW,22,287,.517,8.0,,.950,.383,.200,.267,.100,.050,,.526,.739,.375,.375,.417,.333,,.450,.500,,.125,14,,.167,.000,,0,0
Rk,Player,Pos,Age,Tm,G,MP,FG%,Dist.,,2P,0-3,3-10,10-16,16-3P,3P,,2P,0-3,3-10,10-16,16-3P,3P,,2P,3P,,%FGA,#,,%3PA,3P%,,Att.,#
261,Stanislav Medvedenko,PF,21,LAL,7,39,.480,9.5,,.960,.400,.120,.120,.320,.040,,.458,.700,.333,.333,.250,1.000,,.727,1.000,,.120,2,,.000,,,0,0
262,Ron Mercer,SG,24,CHI,61,2535,.446,13.3,,.959,.214,.076,.183,.486,.041,,.452,.629,.259,.405,.422,.304,,.671,1.000,,.029,24,,.174,.250,,1,0
263,Chris Mihm,C,21,CLE,59,1166,.442,7.5,,.997,.345,.292,.246,.115,.003,,.444,.548,.316,.458,.422,.000,,.618,,,.066,24,,.000,,,0,0
264,Darius Miles,SF,19,LAC,81,2133,.505,6.1,,.970,.538,.184,.130,.117,.030,,.519,.676,.310,.317,.351,.053,,.606,1.000,,.148,75,,.158,.000,,2,0
265,Andre Miller,PG,24,CLE,82,2848,.452,11.0,,.936,.264,.205,.260,.206,.064,,.465,.629,.341,.454,.393,.266,,.244,.529,,.003,2,,.047,.333,,13,1
266,Anthony Miller,PF,29,TOT,4,11,.500,6.0,,1.000,.500,.000,.500,.000,.000,,.500,.000,,1.000,,,,1.000,,,.000,0,,,,,0,0
266,Anthony Miller,PF,29,ATL,2,6,.500,6.0,,1.000,.500,.000,.500,.000,.000,,.500,.000,,1.000,,,,1.000,,,.000,0,,,,,0,0
266,Anthony Miller,PF,29,HOU,1,3,,,,,,,,,,,,,,,,,,,,,,0,,,,,0,0
266,Anthony Miller,PF,29,PHI,1,2,,,,,,,,,,,,,,,,,,,,,,0,,,,,0,0
267,Brad Miller,C,24,CHI,57,1434,.435,6.1,,.987,.497,.194,.189,.104,.013,,.438,.563,.173,.438,.325,.200,,.671,1.000,,.052,18,,.400,.000,,0,0
268,Mike Miller,SF,20,ORL,82,2390,.436,17.6,,.569,.153,.056,.101,.260,.431,,.457,.605,.319,.353,.441,.407,,.677,.946,,.009,8,,.176,.391,,0,0
269,Reggie Miller*,SG,35,IND,81,3181,.440,17.8,,.605,.107,.077,.114,.307,.395,,.487,.722,.440,.388,.454,.366,,.726,.882,,.005,6,,.336,.397,,2,0
270,Chris Mills,SF,31,GSW,15,493,.372,14.1,,.869,.089,.209,.220,.351,.131,,.386,.824,.300,.310,.373,.280,,.609,1.000,,.000,0,,.240,.500,,0,0
271,Terry Mills,PF,33,IND,14,113,.324,20.1,,.500,.088,.059,.147,.206,.500,,.471,.333,1.000,.200,.571,.176,,.750,1.000,,.000,0,,.235,.250,,1,0
272,Sam Mitchell,SF,37,MIN,82,983,.408,16.5,,.851,.087,.090,.138,.536,.149,,.443,.560,.385,.450,.432,.209,,.872,.667,,.003,1,,.349,.200,,0,0
273,Cuttino Mobley,SG,25,HOU,79,3002,.434,12.4,,.792,.309,.121,.127,.236,.208,,.454,.619,.320,.338,.371,.357,,.387,.844,,.030,34,,.266,.328,,5,1
274,Nazr Mohammed,C,23,TOT,58,912,.477,5.3,,.997,.485,.266,.198,.049,.003,,.478,.642,.316,.342,.278,.000,,.636,,,.089,31,,.000,,,0,0
274,Nazr Mohammed,C,23,PHI,30,196,.466,5.9,,1.000,.432,.295,.261,.011,.000,,.466,.684,.269,.348,.000,,,.683,,,.080,7,,,,,0,0
274,Nazr Mohammed,C,23,ATL,28,716,.480,5.1,,.996,.502,.256,.178,.060,.004,,.482,.631,.333,.340,.294,.000,,.622,,,.093,24,,.000,,,0,0
275,Jérôme Moïso,C,22,BOS,24,135,.400,7.5,,.967,.467,.167,.133,.200,.033,,.414,.429,.400,.250,.500,.000,,.750,,,.100,1,,.000,,,0,0
276,Eric Montross,C,29,TOT,54,649,.406,6.2,,1.000,.341,.406,.225,.029,.000,,.406,.638,.339,.226,.000,,,.607,,,.065,6,,,,,0,0
276,Eric Montross,C,29,DET,42,568,.413,6.1,,1.000,.347,.397,.231,.025,.000,,.413,.619,.354,.250,.000,,,.640,,,.074,6,,,,,0,0
276,Eric Montross,C,29,TOR,12,81,.353,7.0,,1.000,.294,.471,.176,.059,.000,,.353,.800,.250,.000,.000,,,.333,,,.000,0,,,,,0,0
277,Mikki Moore,C,25,DET,81,1154,.493,6.0,,.996,.504,.209,.142,.142,.004,,.494,.696,.321,.316,.211,.000,,.583,,,.198,48,,.000,,,0,0
278,Hanno Möttölä,SF,24,ATL,73,989,.444,9.8,,.989,.274,.217,.235,.264,.011,,.449,.618,.283,.492,.370,.000,,.707,,,.032,9,,.000,,,0,0
279,Alonzo Mourning*,C,30,MIA,13,306,.518,7.2,,.993,.390,.241,.248,.113,.007,,.521,.727,.441,.371,.313,.000,,.630,,,.149,20,,.000,,,0,0
280,Chris Mullin*,SF,37,GSW,20,374,.340,18.8,,.509,.038,.094,.113,.264,.491,,.315,.500,.100,.417,.321,.365,,.647,1.000,,.000,0,,.365,.368,,0,0
Rk,Player,Pos,Age,Tm,G,MP,FG%,Dist.,,2P,0-3,3-10,10-16,16-3P,3P,,2P,0-3,3-10,10-16,16-3P,3P,,2P,3P,,%FGA,#,,%3PA,3P%,,Att.,#
281,Lamond Murray,SF,27,CLE,78,2225,.423,13.3,,.822,.217,.145,.157,.303,.178,,.434,.617,.269,.434,.382,.370,,.594,.934,,.039,34,,.455,.373,,1,0
282,Tracy Murray,SF,29,TOT,51,588,.379,17.6,,.585,.081,.137,.113,.254,.415,,.400,.500,.382,.286,.429,.350,,.707,.917,,.000,0,,.340,.343,,0,0
282,Tracy Murray,SF,29,DEN,13,135,.309,18.0,,.582,.073,.164,.109,.236,.418,,.313,.500,.444,.167,.231,.304,,.800,1.000,,.000,0,,.087,.000,,0,0
282,Tracy Murray,SF,29,TOR,38,453,.399,17.6,,.585,.083,.130,.114,.259,.415,,.425,.500,.360,.318,.480,.363,,.688,.897,,.000,0,,.413,.364,,0,0
283,Dikembe Mutombo*,C,34,TOT,75,2591,.484,4.6,,1.000,.437,.428,.131,.004,.000,,.484,.687,.349,.260,.000,,,.390,,,.122,64,,,,,0,0
283,Dikembe Mutombo*,C,34,ATL,49,1716,.477,4.3,,1.000,.460,.421,.116,.003,.000,,.477,.663,.336,.268,.000,,,.349,,,.141,47,,,,,0,0
283,Dikembe Mutombo*,C,34,PHI,26,875,.495,5.1,,1.000,.396,.441,.158,.005,.000,,.495,.738,.371,.250,.000,,,.460,,,.089,17,,,,,0,0
284,Mamadou N'Diaye,C,25,TOR,3,10,.250,10.3,,1.000,.250,.250,.250,.250,.000,,.250,1.000,.000,.000,.000,,,1.000,,,.000,0,,,,,0,0
285,Lee Nailon,SF,25,CHH,42,469,.485,8.2,,.993,.338,.257,.228,.169,.007,,.489,.674,.429,.323,.435,.000,,.652,,,.015,2,,.000,,,0,0
286,Eduardo Nájera,PF,24,DAL,40,431,.523,4.9,,.973,.586,.198,.108,.081,.027,,.528,.631,.273,.417,.556,.333,,.561,.000,,.063,6,,.333,.000,,0,0
287,Steve Nash*,PG,26,DAL,70,2387,.487,12.7,,.723,.284,.138,.135,.167,.277,,.518,.627,.321,.486,.523,.406,,.209,.618,,.000,0,,.196,.349,,0,0
288,Tyrone Nesby,SF-SG,25,TOT,62,1556,.357,14.6,,.660,.200,.172,.123,.166,.340,,.400,.679,.231,.323,.295,.272,,.593,.918,,.025,12,,.200,.278,,0,0
288,Tyrone Nesby,SG,25,LAC,14,333,.325,15.6,,.626,.195,.146,.114,.171,.374,,.390,.750,.111,.286,.286,.217,,.433,1.000,,.016,2,,.130,.333,,0,0
288,Tyrone Nesby,SF,25,WAS,48,1223,.366,14.3,,.671,.201,.179,.125,.165,.329,,.403,.659,.260,.333,.299,.291,,.636,.897,,.027,10,,.224,.267,,0,0
289,Rasho Nesterović,C,24,MIN,73,1233,.461,6.6,,.997,.295,.464,.169,.069,.003,,.462,.638,.405,.352,.364,.000,,.653,,,.034,11,,.000,,,0,0
290,Ira Newble,SF,26,SAS,27,184,.382,12.5,,.836,.291,.055,.182,.309,.164,,.370,.563,.000,.200,.353,.444,,.706,.750,,.055,2,,1.000,.444,,0,0
291,Johnny Newman,SG,37,NJN,82,2049,.419,13.3,,.747,.283,.094,.127,.243,.253,,.447,.563,.262,.341,.438,.335,,.496,.915,,.013,8,,.381,.358,,0,0
292,Moochie Norris,PG,27,HOU,82,1654,.446,12.8,,.785,.303,.138,.087,.257,.215,,.491,.544,.351,.472,.509,.281,,.239,.840,,.000,0,,.292,.308,,1,0
293,Dirk Nowitzki*,PF,22,DAL,82,3125,.474,14.7,,.687,.212,.098,.166,.212,.313,,.513,.705,.295,.478,.451,.387,,.602,.947,,.036,44,,.290,.398,,4,0
294,Jermaine O'Neal,C,22,IND,81,2641,.465,6.2,,.994,.378,.382,.164,.070,.006,,.468,.652,.328,.380,.443,.000,,.599,,,.116,92,,.200,.000,,0,0
295,Shaquille O'Neal*,C,28,LAL,74,2924,.572,4.7,,.999,.429,.452,.113,.005,.001,,.573,.792,.417,.375,.286,.000,,.645,,,.160,219,,.000,,,1,0
296,Charles Oakley,PF,37,TOR,78,2767,.388,16.7,,.938,.106,.017,.093,.723,.062,,.399,.542,.154,.315,.394,.224,,.864,.909,,.000,0,,.122,.500,,0,0
297,Lamar Odom,PF,21,LAC,76,2836,.460,12.2,,.758,.278,.222,.104,.154,.242,,.506,.632,.470,.339,.441,.316,,.409,.713,,.017,13,,.043,.091,,1,0
298,Hakeem Olajuwon*,C,38,HOU,58,1545,.498,8.8,,.998,.308,.199,.319,.173,.002,,.499,.680,.363,.475,.378,.000,,.636,,,.033,13,,.000,,,0,0
299,Kevin Ollie,PG,28,TOT,70,925,.396,10.8,,.984,.255,.167,.271,.292,.016,,.397,.531,.156,.404,.411,.333,,.627,.000,,.000,0,,.000,,,0,0
299,Kevin Ollie,PG,28,NJN,19,161,.185,7.5,,1.000,.444,.111,.259,.185,.000,,.185,.083,.333,.429,.000,,,.200,,,.000,0,,,,,0,0
299,Kevin Ollie,PG,28,PHI,51,764,.430,11.3,,.982,.224,.176,.273,.309,.018,,.432,.676,.138,.400,.451,.333,,.657,.000,,.000,0,,.000,,,0,0
300,Michael Olowokandi,C,25,LAC,82,2127,.435,6.5,,1.000,.229,.566,.186,.018,.000,,.435,.593,.441,.250,.154,,,.510,,,.068,44,,,,,0,0
Rk,Player,Pos,Age,Tm,G,MP,FG%,Dist.,,2P,0-3,3-10,10-16,16-3P,3P,,2P,0-3,3-10,10-16,16-3P,3P,,2P,3P,,%FGA,#,,%3PA,3P%,,Att.,#
301,Greg Ostertag,C,27,UTA,81,1491,.495,3.6,,.993,.644,.242,.089,.018,.007,,.495,.602,.324,.280,.000,.500,,.681,.000,,.185,42,,.000,,,1,0
302,Bo Outlaw,PF,29,ORL,80,2534,.614,2.2,,.995,.755,.193,.038,.008,.005,,.615,.683,.394,.429,.333,.500,,.702,.000,,.147,52,,.000,,,0,0
303,Doug Overton,PG,31,TOT,21,475,.374,15.6,,.741,.194,.086,.122,.338,.259,,.398,.481,.250,.412,.383,.306,,.390,.727,,.000,0,,.139,.600,,0,0
303,Doug Overton,PG,31,BOS,7,144,.341,12.7,,.909,.227,.159,.205,.318,.091,,.350,.600,.143,.444,.214,.250,,.357,1.000,,.000,0,,.000,,,0,0
303,Doug Overton,PG,31,CHH,2,15,1.000,17.7,,1.000,.000,.000,.500,.500,.000,,1.000,,,1.000,1.000,,,.500,,,.000,0,,,,,0,0
303,Doug Overton,PG,31,NJN,12,316,.376,16.9,,.656,.183,.054,.075,.344,.344,,.410,.412,.400,.286,.438,.313,,.400,.700,,.000,0,,.156,.600,,0,0
304,Billy Owens,PF,31,DET,45,793,.383,9.1,,.913,.426,.130,.104,.252,.087,,.405,.490,.500,.250,.276,.150,,.482,1.000,,.009,2,,.500,.200,,0,0
305,Olumide Oyedeji,C,19,SEA,30,221,.486,2.1,,1.000,.703,.270,.027,.000,.000,,.486,.577,.300,.000,,,,.611,,,.027,1,,,,,0,0
306,Robert Pack,PG,31,DEN,74,1260,.425,10.7,,.927,.373,.110,.120,.324,.073,,.428,.528,.383,.294,.377,.387,,.314,.750,,.002,0,,.065,.500,,0,0
307,Scott Padgett,PF,24,UTA,27,127,.419,11.9,,.791,.442,.070,.047,.233,.209,,.382,.579,.000,.500,.100,.556,,.462,1.000,,.000,0,,.000,,,1,0
308,Milt Palacio,PG,22,BOS,58,1141,.472,10.1,,.865,.449,.131,.075,.210,.135,,.494,.575,.429,.500,.357,.333,,.430,.750,,.004,1,,.250,.444,,2,0
309,Andy Panko,SF,23,ATL,1,1,,,,,,,,,,,,,,,,,,,,,,0,,,,,0,0
310,Cherokee Parks,C,28,TOT,65,1054,.489,11.4,,.978,.288,.128,.128,.434,.022,,.500,.684,.314,.486,.437,.000,,.761,,,.088,22,,.500,.000,,0,0
310,Cherokee Parks,C,28,WAS,13,178,.474,8.9,,1.000,.421,.132,.105,.342,.000,,.474,.438,.200,.500,.615,,,.722,,,.079,3,,,,,0,0
310,Cherokee Parks,C,28,LAC,52,876,.492,11.8,,.975,.267,.127,.131,.449,.025,,.504,.746,.333,.484,.415,.000,,.767,,,.089,19,,.500,.000,,0,0
311,Ruben Patterson,SF,25,SEA,76,2059,.494,6.0,,.952,.522,.240,.080,.109,.048,,.516,.650,.389,.317,.305,.056,,.587,1.000,,.075,56,,.194,.000,,3,0
312,Gary Payton*,PG,32,SEA,79,3244,.456,11.5,,.829,.238,.230,.170,.190,.171,,.472,.660,.377,.439,.383,.375,,.286,.804,,.000,0,,.272,.392,,1,0
313,Anthony Peeler,SG,31,MIN,75,2126,.421,17.5,,.650,.120,.064,.115,.351,.350,,.437,.580,.362,.476,.389,.391,,.673,.910,,.010,6,,.242,.500,,0,0
314,Mike Penberthy,PG,26,LAL,53,851,.414,20.1,,.374,.117,.045,.077,.135,.626,,.446,.615,.300,.235,.467,.396,,.568,.909,,.000,0,,.050,.000,,0,0
315,Will Perdue,C,35,POR,13,58,.667,3.3,,1.000,.667,.111,.222,.000,.000,,.667,1.000,.000,.000,,,,.333,,,.111,1,,,,,0,0
316,Sam Perkins,PF,39,IND,64,999,.381,18.2,,.513,.080,.168,.049,.217,.487,,.414,.556,.289,.364,.469,.345,,.688,.974,,.000,0,,.345,.447,,0,0
317,Elliot Perry,PG,31,TOT,49,499,.464,15.8,,.964,.121,.036,.179,.629,.036,,.474,.588,.600,.600,.409,.200,,.391,.000,,.000,0,,.000,,,0,0
317,Elliot Perry,PG,31,ORL,6,39,.455,11.2,,.909,.364,.000,.182,.364,.091,,.500,.500,,.500,.500,.000,,.600,,,.000,0,,.000,,,0,0
317,Elliot Perry,PG,31,PHO,43,460,.465,16.2,,.969,.101,.039,.178,.651,.031,,.472,.615,.600,.609,.405,.250,,.373,.000,,.000,0,,.000,,,0,0
318,Wesley Person,SG,29,CLE,44,958,.438,17.1,,.712,.072,.099,.192,.349,.288,,.452,.667,.310,.500,.422,.405,,.894,.971,,.000,0,,.262,.409,,1,0
319,Morris Peterson,SG,23,TOR,80,1809,.431,12.8,,.755,.318,.103,.101,.233,.245,,.447,.584,.333,.309,.369,.382,,.630,.905,,.021,13,,.400,.409,,4,0
320,Eric Piatkowski,SG,30,LAC,81,2144,.433,17.2,,.558,.165,.085,.101,.207,.442,,.456,.631,.386,.338,.403,.404,,.673,.892,,.004,3,,.253,.453,,0,0
Rk,Player,Pos,Age,Tm,G,MP,FG%,Dist.,,2P,0-3,3-10,10-16,16-3P,3P,,2P,0-3,3-10,10-16,16-3P,3P,,2P,3P,,%FGA,#,,%3PA,3P%,,Att.,#
321,Paul Pierce*,SF,23,BOS,82,3120,.454,13.4,,.746,.261,.115,.147,.223,.254,,.478,.592,.374,.423,.435,.383,,.576,.891,,.014,16,,.190,.397,,2,0
322,Scottie Pippen*,SF,35,POR,64,2133,.451,14.1,,.688,.295,.096,.064,.233,.312,,.500,.619,.316,.395,.453,.344,,.610,.828,,.037,18,,.215,.325,,3,0
323,Scot Pollard,C,25,SAC,77,1658,.468,3.1,,.995,.610,.314,.061,.010,.005,,.471,.598,.282,.208,.250,.000,,.659,,,.076,28,,.000,,,0,0
324,Olden Polynice,C,36,UTA,81,1619,.496,5.2,,.998,.429,.386,.164,.019,.002,,.498,.596,.438,.382,.500,.000,,.650,,,.027,9,,.000,,,0,0
325,Mark Pope,PF,28,MIL,63,942,.437,10.2,,.831,.444,.070,.077,.239,.169,,.483,.635,.200,.273,.353,.208,,.719,1.000,,.056,8,,.667,.250,,0,0
326,Chris Porter,SF,22,GSW,51,1147,.389,9.6,,.989,.267,.236,.225,.261,.011,,.393,.647,.248,.320,.328,.000,,.682,,,.040,13,,.000,,,0,0
327,Terry Porter,PG,37,SAS,80,1678,.448,17.0,,.534,.177,.077,.086,.193,.466,,.468,.603,.324,.316,.471,.424,,.318,.782,,.000,0,,.288,.508,,1,0
328,James Posey,SF,24,DEN,82,2255,.412,13.2,,.632,.358,.073,.061,.141,.368,,.477,.564,.326,.500,.325,.300,,.697,.923,,.075,38,,.465,.317,,3,0
329,Lavor Postell,SG,22,NYK,26,169,.315,12.0,,.796,.259,.148,.204,.185,.204,,.326,.643,.125,.273,.100,.273,,.571,.667,,.037,2,,.364,.000,,0,0
330,Vitaly Potapenko,C,25,BOS,82,1901,.476,8.3,,1.000,.338,.234,.248,.180,.000,,.476,.523,.443,.504,.394,,,.694,,,.008,3,,,,,0,0
331,Brent Price,PG,32,VAN,6,30,.273,18.2,,.636,.091,.000,.182,.364,.364,,.286,.000,,.500,.250,.250,,1.000,1.000,,.000,0,,.000,,,0,0
332,Laron Profit,PG,23,WAS,35,605,.394,9.7,,.817,.331,.303,.056,.127,.183,,.422,.723,.256,.125,.167,.269,,.449,.857,,.035,5,,.154,.500,,0,0
333,Joel Przybilla,C,21,MIL,33,270,.343,1.3,,1.000,.800,.200,.000,.000,.000,,.343,.393,.143,,,,,.833,,,.143,4,,,,,0,0
334,Theo Ratliff,C,27,PHI,50,1800,.499,7.2,,1.000,.298,.354,.295,.053,.000,,.499,.721,.401,.430,.292,,,.605,,,.092,38,,,,,0,0
335,Eldridge Recasner,PG,33,CHH,43,403,.333,15.3,,.658,.254,.070,.070,.263,.342,,.333,.448,.125,.375,.267,.333,,.680,.692,,.000,0,,.128,.200,,0,0
336,Michael Redd,SG,21,MIL,6,35,.263,11.0,,.842,.368,.053,.211,.211,.158,,.313,.429,.000,.000,.500,.000,,.600,,,.000,0,,.333,.000,,0,0
337,Bryant Reeves,C,27,VAN,75,1832,.460,10.3,,.993,.228,.236,.228,.301,.007,,.462,.683,.392,.444,.361,.250,,.763,1.000,,.038,18,,.250,.000,,0,0
338,Don Reid,PF,27,ORL,65,764,.566,2.6,,1.000,.669,.269,.048,.014,.000,,.566,.670,.385,.286,.000,,,.659,,,.172,23,,,,,0,0
339,J.R. Reid,PF,32,CLE,6,39,.400,13.4,,1.000,.200,.000,.200,.600,.000,,.400,1.000,,.000,.333,,,.500,,,.000,0,,,,,0,0
340,Glen Rice,SF,33,NYK,75,2212,.440,15.2,,.719,.170,.121,.144,.285,.281,,.460,.570,.418,.407,.439,.389,,.546,.915,,.007,5,,.270,.491,,1,0
Rk,Player,Pos,Age,Tm,G,MP,FG%,Dist.,,2P,0-3,3-10,10-16,16-3P,3P,,2P,0-3,3-10,10-16,16-3P,3P,,2P,3P,,%FGA,#,,%3PA,3P%,,Att.,#
341,Quentin Richardson,SG,20,LAC,76,1358,.442,11.2,,.712,.375,.189,.070,.078,.288,,.487,.650,.303,.243,.366,.331,,.522,.960,,.053,27,,.146,.455,,1,0
342,Mitch Richmond*,SG,35,WAS,37,1216,.407,16.6,,.736,.099,.099,.183,.357,.264,,.431,.580,.220,.391,.467,.338,,.606,.800,,.004,2,,.135,.444,,0,0
343,Isaiah Rider,SG,29,LAL,67,1206,.426,14.2,,.805,.167,.155,.193,.290,.195,,.439,.544,.356,.396,.453,.370,,.473,.824,,.004,2,,.043,.250,,0,0
344,Terrance Roberson,SF,24,CHH,3,13,.000,21.6,,.500,.000,.000,.000,.500,.500,,.000,,,,.000,.000,,,,,.000,0,,.000,,,0,0
345,Clifford Robinson,PF,34,PHO,82,2751,.422,12.6,,.790,.196,.226,.172,.196,.210,,.439,.631,.358,.407,.366,.361,,.757,1.000,,.030,31,,.277,.362,,0,0
346,David Robinson*,C,35,SAS,80,2371,.486,7.1,,.999,.417,.205,.259,.118,.001,,.487,.668,.290,.408,.361,.000,,.743,,,.145,114,,.000,,,0,0
347,Eddie Robinson,SF,24,CHH,67,1201,.531,10.7,,.990,.258,.115,.339,.278,.010,,.531,.762,.511,.478,.389,.500,,.822,1.000,,.066,24,,.500,1.000,,1,0
348,Glenn Robinson,SF,28,MIL,76,2813,.468,12.9,,.874,.145,.169,.362,.199,.126,,.493,.602,.494,.487,.424,.299,,.566,.873,,.028,40,,.185,.206,,4,0
349,Jamal Robinson,SF,27,MIA,6,72,.136,12.2,,.909,.227,.182,.136,.364,.091,,.150,.200,.000,.333,.125,.000,,.667,,,.045,1,,.000,,,0,0
350,James Robinson,PG,30,ORL,6,50,.364,19.2,,.545,.091,.000,.091,.364,.455,,.333,1.000,,.000,.250,.400,,.500,1.000,,.000,0,,.000,,,0,0
351,Larry Robinson,PG-SG,33,TOT,34,632,.364,21.1,,.370,.027,.027,.158,.158,.630,,.338,.400,.200,.414,.276,.379,,.478,.909,,.000,0,,.474,.418,,1,0
351,Larry Robinson,SG,33,CLE,1,1,,,,,,,,,,,,,,,,,,,,,,0,,,,,0,0
351,Larry Robinson,PG,33,ATL,33,631,.364,21.1,,.370,.027,.027,.158,.158,.630,,.338,.400,.200,.414,.276,.379,,.478,.909,,.000,0,,.474,.418,,1,0
352,Carlos Rogers,C,29,HOU,39,544,.682,2.6,,.991,.755,.173,.027,.036,.009,,.688,.819,.263,.667,.000,.000,,.720,,,.200,22,,.000,,,0,0
353,Rodney Rogers,SF,29,PHO,82,2183,.430,11.3,,.784,.308,.186,.107,.183,.216,,.467,.600,.325,.372,.444,.296,,.611,.964,,.035,28,,.280,.208,,0,0
354,Sean Rooks,C,31,LAC,82,1553,.428,12.8,,.995,.149,.152,.233,.461,.005,,.427,.661,.283,.446,.390,.500,,.804,1.000,,.015,5,,.000,,,0,0
355,Jalen Rose,SF,28,IND,72,2943,.457,13.6,,.860,.111,.203,.260,.286,.140,,.476,.652,.440,.474,.434,.339,,.528,.864,,.007,9,,.420,.384,,0,0
356,Malik Rose,PF,26,SAS,57,1219,.435,8.6,,.954,.399,.204,.177,.174,.046,,.447,.605,.267,.385,.359,.176,,.694,1.000,,.068,22,,.412,.286,,3,0
357,Michael Ruffin,PF,24,CHI,45,879,.444,2.0,,1.000,.789,.144,.044,.022,.000,,.444,.493,.308,.000,.500,,,.625,,,.200,14,,,,,0,0
358,Bryon Russell,SF,30,UTA,78,2473,.440,13.9,,.671,.313,.073,.054,.231,.329,,.453,.589,.235,.316,.370,.413,,.770,.958,,.033,21,,.300,.493,,1,0
359,Arvydas Sabonis*,C,36,POR,61,1299,.479,9.6,,.971,.298,.312,.089,.271,.029,,.491,.662,.447,.326,.407,.067,,.833,1.000,,.043,21,,.000,,,1,0
360,Soumaila Samake,C,22,NJN,34,226,.375,5.2,,1.000,.521,.250,.208,.021,.000,,.375,.520,.167,.300,.000,,,.444,,,.167,5,,,,,0,0
Rk,Player,Pos,Age,Tm,G,MP,FG%,Dist.,,2P,0-3,3-10,10-16,16-3P,3P,,2P,0-3,3-10,10-16,16-3P,3P,,2P,3P,,%FGA,#,,%3PA,3P%,,Att.,#
361,Pepe Sánchez,PG,23,TOT,29,150,.321,12.9,,.964,.143,.179,.286,.357,.036,,.333,.750,.000,.125,.500,.000,,.778,,,.000,0,,.000,,,0,0
361,Pepe Sánchez,PG,23,ATL,5,34,.000,13.5,,1.000,.000,.286,.429,.286,.000,,.000,,.000,.000,.000,,,,,,.000,0,,,,,0,0
361,Pepe Sánchez,PG,23,PHI,24,116,.429,12.7,,.952,.190,.143,.238,.381,.048,,.450,.750,.000,.200,.625,.000,,.778,,,.000,0,,.000,,,0,0
362,Daniel Santiago,C,24,PHO,54,581,.478,5.5,,1.000,.485,.299,.090,.127,.000,,.478,.692,.225,.417,.294,,,.766,,,.172,20,,,,,0,0
363,Detlef Schrempf,SF,38,POR,26,397,.411,11.7,,.916,.200,.263,.147,.305,.084,,.414,.526,.440,.357,.345,.375,,.556,1.000,,.021,2,,.125,1.000,,0,0
364,Shawnelle Scott,C,28,SAS,27,144,.415,3.2,,1.000,.561,.366,.073,.000,.000,,.415,.652,.133,.000,,,,.647,,,.024,1,,,,,0,0
365,Brian Shaw,SG,34,LAL,80,1833,.399,14.7,,.672,.251,.122,.097,.202,.328,,.442,.515,.400,.400,.398,.311,,.607,.976,,.000,0,,.059,.750,,1,0
366,Brian Skinner,PF,24,LAC,39,584,.398,5.3,,1.000,.416,.404,.124,.056,.000,,.398,.582,.308,.200,.111,,,.594,,,.099,14,,,,,0,0
367,Reggie Slater,PF,30,MIN,55,686,.514,4.2,,1.000,.577,.286,.040,.097,.000,,.514,.653,.320,.286,.353,,,.644,,,.080,13,,,,,0,0
368,Jabari Smith,C,23,SAC,9,66,.500,12.4,,1.000,.182,.091,.364,.364,.000,,.500,.750,1.000,.375,.375,,,.727,,,.045,1,,,,,0,0
369,Joe Smith,PF,25,DET,69,1941,.403,10.5,,.993,.244,.226,.175,.348,.007,,.405,.497,.341,.351,.410,.000,,.630,,,.027,16,,.400,.000,,1,0
370,Michael Smith,PF,28,WAS,79,1610,.486,3.7,,.995,.606,.289,.083,.018,.005,,.488,.644,.222,.333,.250,.000,,.594,,,.060,11,,.000,,,1,0
371,Mike Smith,SF,24,WAS,17,180,.322,13.5,,.695,.305,.153,.034,.203,.305,,.390,.500,.222,.000,.417,.167,,.813,.667,,.017,1,,.222,.000,,0,0
372,Steve Smith,SG,31,POR,81,2542,.456,13.9,,.708,.239,.126,.152,.192,.292,,.504,.644,.444,.400,.450,.339,,.516,.833,,.009,6,,.296,.412,,2,0
373,Tony Smith,SG,32,ATL,6,78,.348,14.9,,.913,.130,.087,.348,.348,.087,,.381,.333,.000,.375,.500,.000,,.750,,,.000,0,,.000,,,0,0
374,Eric Snow,PG,27,PHI,50,1740,.418,11.7,,.956,.202,.147,.359,.248,.044,,.425,.693,.203,.397,.380,.263,,.503,.800,,.002,1,,.053,.000,,2,0
375,Felton Spencer,C,33,NYK,18,113,.600,1.3,,1.000,.750,.250,.000,.000,.000,,.600,.667,.400,,,,,.750,,,.050,1,,,,,0,0
376,Latrell Sprewell,SF,30,NYK,77,3017,.430,11.9,,.889,.222,.171,.244,.252,.111,,.446,.605,.413,.416,.355,.304,,.354,.805,,.008,7,,.200,.407,,0,0
377,Jerry Stackhouse,SG,26,DET,80,3215,.402,14.5,,.755,.231,.049,.179,.295,.245,,.418,.592,.234,.348,.355,.351,,.431,.777,,.025,45,,.288,.338,,0,0
378,John Starks,SG,35,UTA,75,2122,.398,16.3,,.735,.171,.069,.077,.418,.265,,.415,.556,.234,.283,.411,.352,,.818,.953,,.003,1,,.473,.419,,1,0
379,Vladimir Stepania,C,24,NJN,29,280,.318,9.0,,.955,.443,.125,.091,.295,.045,,.321,.410,.273,.375,.192,.250,,.667,1.000,,.034,2,,.250,.000,,0,0
380,DeShawn Stevenson,SG,19,UTA,40,293,.341,8.8,,.868,.451,.165,.077,.176,.132,,.380,.585,.267,.000,.125,.083,,.767,1.000,,.077,6,,.500,.000,,0,0
Rk,Player,Pos,Age,Tm,G,MP,FG%,Dist.,,2P,0-3,3-10,10-16,16-3P,3P,,2P,0-3,3-10,10-16,16-3P,3P,,2P,3P,,%FGA,#,,%3PA,3P%,,Att.,#
381,Michael Stewart,C,25,TOR,26,123,.324,6.0,,1.000,.500,.176,.294,.029,.000,,.324,.471,.000,.300,.000,,,.364,,,.059,2,,,,,0,0
382,Bryant Stith,SG,30,BOS,78,2504,.401,15.9,,.604,.165,.128,.088,.223,.396,,.417,.525,.359,.315,.412,.376,,.610,.978,,.005,3,,.517,.400,,0,0
383,John Stockton*,PG,38,UTA,82,2397,.504,11.9,,.797,.352,.077,.126,.243,.203,,.514,.616,.300,.415,.487,.462,,.419,.787,,.000,0,,.106,.714,,1,0
384,Peja Stojaković,SF,23,SAC,75,2905,.470,14.4,,.697,.220,.134,.116,.228,.303,,.501,.701,.365,.413,.432,.400,,.605,.840,,.012,13,,.264,.379,,1,0
385,Damon Stoudamire,PG,27,POR,82,2655,.434,14.2,,.766,.229,.113,.118,.306,.234,,.453,.542,.387,.364,.444,.374,,.346,.805,,.000,0,,.160,.371,,0,0
386,Erick Strickland,PG,27,TOT,50,830,.303,15.8,,.644,.202,.086,.142,.213,.356,,.297,.407,.087,.316,.263,.316,,.549,.933,,.007,1,,.211,.450,,1,0
386,Erick Strickland,PG,27,NYK,28,421,.305,14.8,,.641,.260,.069,.168,.145,.359,,.286,.353,.000,.318,.263,.340,,.375,.938,,.015,1,,.213,.400,,1,0
386,Erick Strickland,PG,27,VAN,22,409,.301,16.7,,.647,.147,.103,.118,.279,.353,,.307,.500,.143,.313,.263,.292,,.704,.929,,.000,0,,.208,.500,,0,0
387,Mark Strickland,SF,30,TOT,55,719,.431,10.0,,.992,.364,.084,.192,.351,.008,,.430,.598,.200,.304,.381,.500,,.725,1.000,,.100,21,,.500,1.000,,0,0
387,Mark Strickland,SF,30,DEN,46,517,.443,9.5,,.995,.378,.092,.205,.319,.005,,.446,.614,.235,.316,.390,.000,,.780,,,.114,19,,.000,,,0,0
387,Mark Strickland,SF,30,NJN,9,202,.389,11.5,,.981,.315,.056,.148,.463,.019,,.377,.529,.000,.250,.360,1.000,,.500,1.000,,.056,2,,1.000,1.000,,0,0
388,Rod Strickland,PG,34,TOT,54,1371,.424,10.8,,.960,.303,.138,.210,.310,.040,,.432,.662,.271,.289,.376,.235,,.331,.250,,.000,0,,.000,,,0,0
388,Rod Strickland,PG,34,WAS,33,1020,.426,10.9,,.952,.299,.139,.215,.299,.048,,.435,.667,.261,.296,.384,.250,,.336,.250,,.000,0,,.000,,,0,0
388,Rod Strickland,PG,34,POR,21,351,.418,10.7,,.990,.316,.133,.194,.347,.010,,.423,.645,.308,.263,.353,.000,,.317,,,.000,0,,.000,,,0,0
389,Derek Strong,PF,32,LAC,28,491,.385,9.5,,.991,.350,.145,.179,.316,.009,,.388,.463,.176,.476,.351,.000,,.644,,,.017,2,,.000,,,0,0
390,Bruno Šundov,C,20,IND,11,120,.488,13.9,,.902,.098,.220,.195,.390,.098,,.541,1.000,.667,.250,.500,.000,,.900,,,.049,2,,.250,.000,,0,0
391,Bob Sura,SG,27,GSW,53,1684,.390,12.1,,.668,.359,.145,.046,.118,.332,,.448,.629,.147,.292,.328,.273,,.458,.745,,.002,1,,.221,.368,,0,0
392,Stromile Swift,PF,21,VAN,80,1312,.451,6.1,,.988,.440,.316,.139,.094,.012,,.457,.631,.336,.277,.313,.000,,.732,,,.198,57,,.000,,,0,0
393,Wally Szczerbiak,SF,23,MIN,82,2856,.510,12.9,,.916,.223,.126,.154,.413,.084,,.526,.688,.414,.415,.513,.338,,.804,.923,,.008,7,,.286,.318,,1,0
394,Žan Tabak,C,30,IND,55,777,.527,7.3,,1.000,.349,.392,.048,.210,.000,,.527,.615,.616,.222,.282,,,.633,,,.038,6,,,,,0,0
395,Dragan Tarlać,C,27,CHI,43,598,.394,8.1,,1.000,.232,.394,.242,.131,.000,,.394,.478,.462,.250,.308,,,.795,,,.020,2,,,,,0,0
396,Maurice Taylor,SF,24,HOU,69,1972,.489,10.6,,.995,.247,.203,.235,.310,.005,,.492,.690,.451,.422,.413,.000,,.567,,,.066,48,,.000,,,0,0
397,Jason Terry,SG,23,ATL,82,3089,.436,15.1,,.770,.131,.121,.225,.293,.230,,.448,.564,.355,.445,.438,.395,,.339,.774,,.007,9,,.175,.327,,1,1
398,Jamel Thomas,SF,27,NJN,5,56,.316,12.2,,.842,.368,.000,.158,.316,.158,,.313,.571,,.333,.000,.333,,.200,1.000,,.000,0,,.333,1.000,,0,0
399,Kenny Thomas,PF,23,HOU,74,1820,.443,9.2,,.802,.432,.198,.060,.112,.198,,.485,.647,.326,.321,.231,.272,,.575,1.000,,.067,29,,.098,.333,,0,0
400,Kurt Thomas,PF,28,NYK,77,2125,.511,6.0,,.995,.422,.301,.189,.083,.005,,.512,.707,.443,.267,.333,.333,,.735,1.000,,.021,11,,.333,1.000,,0,0
Rk,Player,Pos,Age,Tm,G,MP,FG%,Dist.,,2P,0-3,3-10,10-16,16-3P,3P,,2P,0-3,3-10,10-16,16-3P,3P,,2P,3P,,%FGA,#,,%3PA,3P%,,Att.,#
401,Tim Thomas,PF,23,MIL,76,2086,.430,14.2,,.657,.251,.109,.173,.124,.343,,.440,.574,.349,.359,.362,.412,,.621,.972,,.061,42,,.327,.471,,3,0
402,Otis Thorpe,PF,38,CHH,49,647,.450,8.7,,1.000,.382,.176,.160,.282,.000,,.450,.640,.391,.286,.324,,,.712,,,.053,6,,,,,0,0
403,Robert Traylor,C,23,CLE,70,1212,.497,4.1,,.994,.549,.321,.083,.040,.006,,.500,.680,.298,.259,.154,.000,,.640,,,.133,35,,.500,.000,,0,0
404,Gary Trent,PF,26,DAL,33,319,.438,5.1,,.992,.431,.423,.115,.023,.008,,.442,.571,.309,.467,.333,.000,,.632,,,.046,5,,.000,,,1,0
405,Jake Tsakalidis,C,21,PHO,57,947,.470,4.8,,1.000,.470,.353,.102,.074,.000,,.470,.644,.355,.182,.313,,,.663,,,.158,28,,,,,0,0
406,Hedo Türkoğlu,SF,21,SAC,74,1245,.412,13.1,,.743,.263,.140,.116,.224,.257,,.442,.568,.319,.282,.453,.326,,.455,.821,,.018,6,,.453,.359,,0,0
407,Nick Van Exel,PG,29,DEN,71,2688,.414,14.9,,.678,.165,.202,.119,.192,.322,,.431,.552,.431,.379,.360,.377,,.246,.644,,.000,0,,.078,.286,,0,0
408,Keith Van Horn,SF,25,NJN,49,1733,.435,12.5,,.760,.240,.199,.161,.160,.240,,.452,.606,.426,.351,.354,.382,,.613,.954,,.035,22,,.188,.375,,0,0
409,David Vanterpool,PG,27,WAS,22,411,.418,10.7,,.945,.282,.282,.082,.300,.055,,.442,.645,.419,.444,.273,.000,,.391,,,.000,0,,.333,.000,,1,0
410,Jacque Vaughn,PG,25,UTA,82,1620,.433,14.1,,.802,.277,.059,.074,.392,.198,,.444,.532,.435,.345,.403,.385,,.357,.467,,.000,0,,.077,.500,,1,0
411,Loy Vaught,PF,32,TOT,51,549,.473,10.8,,1.000,.278,.112,.213,.396,.000,,.473,.702,.368,.417,.373,,,.725,,,.024,4,,,,,0,0
411,Loy Vaught,PF,32,DAL,37,392,.455,10.5,,1.000,.306,.107,.174,.413,.000,,.455,.649,.308,.476,.340,,,.764,,,.033,4,,,,,0,0
411,Loy Vaught,PF,32,WAS,14,157,.521,11.5,,1.000,.208,.125,.313,.354,.000,,.521,.900,.500,.333,.471,,,.640,,,.000,0,,,,,0,0
412,Jake Voskuhl,C,23,CHI,16,143,.440,4.4,,1.000,.480,.360,.160,.000,.000,,.440,.583,.222,.500,,,,.455,,,.120,3,,,,,0,0
413,Antoine Walker,PF,24,BOS,81,3396,.413,12.7,,.649,.313,.191,.063,.082,.351,,.439,.566,.314,.284,.362,.367,,.353,.932,,.011,19,,.090,.370,,2,0
414,Samaki Walker,PF,24,SAS,61,963,.480,8.3,,.988,.317,.290,.226,.155,.012,,.482,.700,.329,.421,.410,.333,,.617,.000,,.107,25,,.000,,,2,0
415,Ben Wallace*,C,26,DET,80,2760,.490,3.7,,.991,.665,.196,.059,.073,.009,,.492,.610,.233,.308,.281,.250,,.551,1.000,,.191,78,,.000,,,1,0
416,John Wallace,SF,26,DET,40,527,.424,12.2,,.936,.216,.089,.309,.322,.064,,.443,.569,.381,.356,.461,.133,,.510,1.000,,.025,6,,.067,.000,,0,0
417,Rasheed Wallace,PF,26,POR,77,2940,.501,11.5,,.862,.252,.205,.180,.226,.138,,.530,.707,.444,.491,.440,.321,,.727,.981,,.086,92,,.185,.267,,0,0
418,Charlie Ward,PG,30,NYK,61,1492,.416,15.8,,.531,.263,.088,.043,.137,.469,,.444,.500,.212,.313,.529,.383,,.205,.672,,.000,0,,.217,.395,,2,0
419,Clarence Weatherspoon,PF,30,CLE,82,2774,.501,5.6,,1.000,.465,.305,.145,.085,.000,,.501,.630,.365,.410,.441,,,.631,,,.082,48,,,,,0,0
420,Chris Webber*,PF,27,SAC,70,2836,.481,10.2,,.983,.256,.259,.122,.346,.017,,.488,.730,.385,.395,.419,.071,,.568,1.000,,.068,100,,.000,,,1,0
Rk,Player,Pos,Age,Tm,G,MP,FG%,Dist.,,2P,0-3,3-10,10-16,16-3P,3P,,2P,0-3,3-10,10-16,16-3P,3P,,2P,3P,,%FGA,#,,%3PA,3P%,,Att.,#
421,Bonzi Wells,SF,24,POR,75,1995,.533,8.1,,.931,.488,.125,.106,.212,.069,,.547,.695,.319,.416,.409,.340,,.662,.882,,.079,54,,.400,.250,,1,0
422,David Wesley,SG,30,CHH,82,3106,.422,16.2,,.792,.167,.037,.107,.480,.208,,.434,.575,.239,.331,.424,.376,,.714,.938,,.000,0,,.233,.400,,1,0
423,Doug West,SG,33,VAN,15,171,.289,12.3,,.947,.263,.105,.158,.421,.053,,.306,.500,.000,.333,.250,.000,,.727,,,.026,1,,.500,.000,,0,0
424,Jahidi White,C,24,WAS,68,1609,.498,2.7,,.998,.645,.321,.032,.000,.002,,.499,.559,.405,.231,,.000,,.562,,,.181,68,,1.000,.000,,0,0
425,Chris Whitney,PG,29,WAS,59,1532,.387,19.5,,.472,.089,.074,.072,.234,.528,,.401,.595,.257,.471,.355,.375,,.348,.591,,.000,0,,.177,.432,,0,0
426,Aaron Williams,PF,29,NJN,82,2336,.457,5.4,,.997,.502,.262,.131,.103,.003,,.458,.577,.376,.294,.299,.000,,.623,,,.129,70,,.000,,,0,0
427,Alvin Williams,SG,26,TOR,82,2394,.430,14.7,,.859,.197,.089,.133,.441,.141,,.451,.623,.368,.392,.408,.306,,.519,.636,,.000,0,,.167,.444,,3,0
428,Eric Williams,SF,28,BOS,81,1745,.362,12.3,,.690,.261,.208,.112,.109,.310,,.375,.487,.312,.280,.327,.331,,.466,.957,,.018,7,,.712,.384,,0,0
429,Jason Williams,PG,25,SAC,77,2290,.407,17.6,,.549,.213,.075,.038,.223,.451,,.483,.626,.404,.462,.377,.315,,.361,.643,,.000,0,,.087,.222,,12,1
430,Jerome Williams,PF,27,TOT,59,1182,.463,6.0,,.990,.548,.143,.153,.146,.010,,.467,.565,.238,.378,.419,.000,,.610,,,.054,15,,.000,,,0,0
430,Jerome Williams,PF,27,DET,33,804,.438,6.4,,.990,.532,.134,.159,.164,.010,,.442,.486,.333,.406,.424,.000,,.511,,,.030,6,,.000,,,0,0
430,Jerome Williams,PF,27,TOR,26,378,.516,5.2,,.989,.581,.161,.140,.108,.011,,.522,.722,.067,.308,.400,.000,,.792,,,.108,9,,.000,,,0,0
431,Monty Williams,SF,29,ORL,82,1211,.445,5.9,,.964,.599,.168,.082,.115,.036,,.459,.569,.311,.233,.262,.077,,.584,1.000,,.025,8,,.385,.200,,5,0
432,Scott Williams,C,32,MIL,66,1272,.474,10.0,,.989,.280,.133,.377,.199,.011,,.476,.594,.479,.471,.319,.250,,.800,.000,,.030,10,,.250,.000,,2,1
433,Shammond Williams,PG,25,SEA,69,1238,.438,15.9,,.639,.179,.128,.095,.236,.361,,.426,.576,.362,.229,.425,.459,,.290,.672,,.005,1,,.143,.632,,1,0
434,Walt Williams,SF,30,HOU,72,1583,.394,17.6,,.517,.154,.060,.080,.222,.483,,.392,.544,.161,.390,.351,.395,,.654,.969,,.014,7,,.399,.444,,1,0
435,Corliss Williamson,SF,27,TOT,69,1686,.502,6.1,,.997,.416,.301,.179,.100,.003,,.504,.658,.421,.448,.215,.000,,.668,,,.019,12,,.000,,,0,0
435,Corliss Williamson,SF,27,TOR,42,886,.471,6.3,,.994,.388,.329,.178,.098,.006,,.474,.643,.402,.431,.125,.000,,.673,,,.015,5,,.000,,,0,0
435,Corliss Williamson,SF,27,DET,27,800,.534,6.0,,1.000,.444,.273,.180,.102,.000,,.534,.671,.443,.466,.303,,,.663,,,.022,7,,,,,0,0
436,Kevin Willis,C,38,TOT,78,1830,.441,9.3,,.991,.296,.239,.230,.226,.009,,.443,.603,.370,.371,.385,.167,,.670,.000,,.042,29,,.167,.000,,3,0
436,Kevin Willis,C,38,TOR,35,771,.461,9.1,,.993,.286,.275,.268,.164,.007,,.464,.623,.419,.417,.341,.000,,.669,,,.048,13,,.000,,,2,0
436,Kevin Willis,C,38,DEN,43,1059,.428,9.5,,.990,.302,.216,.207,.266,.010,,.429,.591,.330,.333,.402,.250,,.670,.000,,.038,16,,.250,.000,,1,0
437,David Wingate,SG,37,SEA,1,9,1.000,3.0,,1.000,.333,.667,.000,.000,.000,,1.000,1.000,1.000,,,,,1.000,,,.000,0,,,,,0,0
438,Rubén Wolkowyski,PF,27,SEA,34,305,.316,8.1,,.975,.354,.291,.139,.190,.025,,.325,.357,.261,.273,.400,.000,,.800,,,.051,3,,.000,,,0,0
439,Metta World Peace,SF,21,CHI,76,2363,.401,12.2,,.818,.325,.103,.118,.272,.182,,.426,.540,.310,.344,.369,.291,,.570,.884,,.028,16,,.162,.458,,1,0
440,Lorenzen Wright,C,25,ATL,71,1988,.448,7.8,,.998,.314,.275,.303,.105,.002,,.449,.647,.336,.382,.341,.000,,.617,,,.058,43,,.500,.000,,0,0
Rk,Player,Pos,Age,Tm,G,MP,FG%,Dist.,,2P,0-3,3-10,10-16,16-3P,3P,,2P,0-3,3-10,10-16,16-3P,3P,,2P,3P,,%FGA,#,,%3PA,3P%,,Att.,#
441,Wang Zhizhi,C,23,DAL,5,38,.421,13.6,,.895,.158,.211,.158,.368,.105,,.471,.667,.500,.333,.429,.000,,.875,,,.000,0,,.000,,,0,0
